image_id,qw,qx,qy,qz,tx,ty,tz,camera_params_id,image_name
1,0.5526208103710538,-0.4816778661326102,-0.48745420644564713,-0.4743259109949818,3.3902340437658647,-1.3488025351584443,0.7284757854283734,1,DJI_0001.JPG
2,0.5525622379447863,-0.4824491441225176,-0.48646792847749015,-0.4746227460791561,3.3882385609436616,-1.356154346748848,0.7231112068793047,1,DJI_0003.JPG
3,0.5523732248917138,-0.48215312374893626,-0.48707025538293985,-0.47452581805742555,3.388581014712833,-1.3532371305284772,0.7272051129017182,1,DJI_0002.JPG
4,0.5520856383046525,-0.48500792557329725,-0.4852424182474197,-0.4738233380092496,3.387157665956761,-1.364930686371426,0.7126488780608979,1,DJI_0005.JPG
5,0.7103122453188476,-0.6549686567905464,-0.17528589075972098,-0.18906990578263871,2.500384230834867,-1.1595252035915773,-2.4361505198357047,1,DJI_0007.JPG
6,0.5608905187669859,-0.49684062058090767,-0.4743380519952411,-0.46211972055674044,3.4311504069816636,-1.1032966547538205,0.5772473197990057,1,DJI_0006.JPG
7,0.5317292805593892,-0.4705715900808035,-0.5038745364303244,-0.491870717101297,3.308661794647901,-1.1555841955221802,0.9679194400104087,1,DJI_0008.JPG
8,-0.436128351024409,0.3748935200836917,0.5888971880030845,0.5678441793256741,2.758331403652575,-1.1512091626029184,2.092470346024074,1,DJI_0009.JPG
9,-0.32659024916011725,0.2673056383426018,0.6561067447248146,0.6256280399649569,1.8481556205565968,-1.1551526069227889,2.9809953328140626,1,DJI_0010.JPG
10,-0.24210863723634873,0.18269073222777063,0.6915141432795348,0.6556033051914933,1.01788348180351,-1.137990109225851,3.395016781476789,1,DJI_0011.JPG
11,-0.18569682445049673,0.12056179511712853,0.720779029405859,0.6568554892180506,0.3818534211414347,-1.1027706108179065,1.8457812739630555,1,DJI_0012.JPG
12,-0.14997287842774948,0.08801031994997256,0.7315131665441001,0.6592805218501625,0.28712916743757616,-1.122820024117722,1.1305934906102728,1,DJI_0014.JPG
13,-0.1826898064449471,0.11809151015097653,0.722758472453245,0.6559718136844155,0.367774164527383,-1.108791110000522,1.5712058422860613,1,DJI_0013.JPG
14,-0.08458716995331915,0.02741693526375263,0.743737527346492,0.6625313673755815,0.2062833536802914,-1.1506479871311412,0.48127260511220754,1,DJI_0016.JPG
15,-0.09421043310068546,0.03678702511988786,0.741698760390145,0.6630641431366444,0.19151056250667964,-1.1390966208709568,0.7846561050549579,1,DJI_0015.JPG
16,-0.07876469781703369,0.021913539752603194,0.745762450625825,0.6611764411939272,0.22388505318353805,-1.174460821139852,0.056841394166978566,1,DJI_0017.JPG
17,-0.07525714168902883,0.018059349366907243,0.7473604881274383,0.6598958427745689,0.23732685256731126,-1.1928613022895813,-0.3048971516577135,1,DJI_0018.JPG
18,-0.07186935098732163,0.013847934924405827,0.7500096843791054,0.6573648183653771,0.25506704403936215,-1.2383727940245648,-0.9896042668531213,1,DJI_0019.JPG
19,-0.0691122355595501,0.010513979579382132,0.7520022772568412,0.6554430029605097,0.26497871478155816,-1.2877426388418878,-1.5798186110400354,1,DJI_0020.JPG
20,-0.06688635740949572,0.007193226483022514,0.7536687690686527,0.6538026148737822,0.2819206865144206,-1.3387842416071205,-2.2204678390905745,1,DJI_0021.JPG
21,0.12696262845228837,-0.16359626173249536,0.7456804571703335,0.6333067265692678,1.7169533240786854,-1.424402006979954,-2.872600226958373,1,DJI_0022.JPG
22,-0.3824234466201004,0.2815034139934044,0.6534019115086083,0.5895541344288565,-2.941246889730333,-1.496663571203749,-2.310812556899556,1,DJI_0023.JPG
23,0.5302901333748575,-0.4367582223517789,-0.5317072507671106,-0.49529993855750776,-3.7530768590053825,-1.4452042250539758,-0.5216000570156416,1,DJI_0024.JPG
24,-0.46647381279580813,0.40213515625847296,0.5760620060841497,0.5374402880534916,-3.2353907338102235,-1.3122396911078509,-1.02044801473728,1,DJI_0026.JPG
25,-0.4917897107450593,0.42106108028932027,0.557346845076847,0.51982202853839,-3.5277496107481023,-1.3448496357899693,-0.8048546048450329,1,DJI_0025.JPG
26,-0.4642988770193318,0.40423009522785314,0.5756551747568307,0.5381874233818094,-2.9341971891849883,-1.2872098955408868,-0.9686491106368589,1,DJI_0027.JPG
27,-0.46706452912672114,0.4116074380952811,0.5712214499010964,0.5349169072941731,-2.5757719573703373,-1.2635167834027188,-0.8761070030008467,1,DJI_0028.JPG
28,-0.47014275290993224,0.4170139577556339,0.5677356682677518,0.5317342963358884,-2.2891382554672397,-1.2504740780585317,-0.8197212968220462,1,DJI_0029.JPG
29,-0.47282789863328717,0.4211954601579886,0.5650594921156441,0.5289006834806895,-2.027976744447096,-1.2425419208507067,-0.7788582212296548,1,DJI_0030.JPG
30,-0.4753822338545868,0.4242809356389834,0.5627575432251998,0.5265941197277741,-1.7999697323596604,-1.2381160032692164,-0.7474395020752636,1,DJI_0031.JPG
31,-0.48037820971117634,0.4299636438968644,0.5576626792887022,0.5228578933994986,-1.3798767211995513,-1.2275214002751706,-0.6920633290500997,1,DJI_0033.JPG
32,-0.4778864052488379,0.42722661467934625,0.5603734550069951,0.5244841220775824,-1.583695789427154,-1.2344535984458354,-0.7162854337865932,1,DJI_0032.JPG
33,-0.4826002911500902,0.4321796086377879,0.5556115552128599,0.521165563495406,-1.190304326718005,-1.223902397293114,-0.6739508087633543,1,DJI_0034.JPG
34,-0.48494195602312395,0.4343256985935095,0.5534068343592768,0.5195511163631262,-0.98314563592058,-1.2213341472017536,-0.6668562445081274,1,DJI_0035.JPG
35,-0.4866931842959493,0.43596609091068744,0.5517689231150237,0.518280201648115,-0.8017839640364258,-1.2202988687310525,-0.6646788906320906,1,DJI_0036.JPG
36,-0.4882779393828744,0.4369348293224412,0.5504155708589762,0.5174121260590736,-0.6114075482433295,-1.218921180209416,-0.6660179225221732,1,DJI_0037.JPG
37,-0.4896888868886411,0.438395990873445,0.548945443202788,0.5164035724418922,-0.42696997354627225,-1.218672437072764,-0.6651931793873033,1,DJI_0038.JPG
38,-0.49086833731891133,0.43909202679724374,0.5477999224186348,0.5159086279749485,-0.23248639852486216,-1.2163101104441287,-0.6682267221601043,1,DJI_0039.JPG
39,-0.4926156753692607,0.4395008594643803,0.5461401744489853,0.5156546332220726,0.05129361596438112,-1.2114956871603637,-0.6621101711222085,1,DJI_0040.JPG
40,-0.4936191384171453,0.4400613406288941,0.5452393992456293,0.5151700303613178,0.4172402305205441,-1.2084207268100078,-0.6559283369097738,1,DJI_0042.JPG
41,-0.4931374217044164,0.4398096070432634,0.5457928745051767,0.5152602556054051,0.20976837348649974,-1.2104468656283272,-0.6596881647928472,1,DJI_0041.JPG
42,0.5512219256927936,-0.49580776605967714,-0.486272249804949,-0.4624590217739018,0.7081760673373819,-1.2105848463764342,-0.8008495716385534,1,DJI_0044.JPG
43,0.5036187221388961,-0.44965600205854156,-0.5359318752839003,-0.5069069811894449,0.595905425483265,-1.2084619375566326,-0.6717408471517837,1,DJI_0043.JPG
44,0.5562092705218771,-0.5008736497264586,-0.4802282377033486,-0.457315726940977,0.8608456897133893,-1.2096186293136093,-0.818987846752178,1,DJI_0045.JPG
45,0.5581883571103846,-0.5032402030874715,-0.4771774023733317,-0.45549619388874124,1.0305496570634514,-1.2095148860633433,-0.8223163955887802,1,DJI_0046.JPG
46,0.5588930299632047,-0.5049406284015595,-0.4756187368412428,-0.4543790928437698,1.248142586106795,-1.210964098166945,-0.825553701367794,1,DJI_0047.JPG
47,0.5707278598280641,-0.5170746896526162,-0.46070359634306585,-0.4411979959760625,1.4111314418469418,-1.211486453797528,-0.886153787011493,1,DJI_0048.JPG
48,0.5730645735134707,-0.5191363432044123,-0.45747691767658943,-0.4391005824880008,1.6006891240077104,-1.2079174083547157,-0.8890641370701706,1,DJI_0049.JPG
49,0.5903019871331131,-0.5367346688968059,-0.4341624555154339,-0.4182850958517923,1.8344777764098719,-1.2075744149109042,-1.0253103808497737,1,DJI_0050.JPG
50,0.5934557806000234,-0.5401312173018323,-0.4295254392613704,-0.4142178190225338,2.026725706220344,-1.2071860727844583,-1.0493496156399187,1,DJI_0051.JPG
51,0.6177761407504976,-0.5652744389219163,-0.392506803938734,-0.38046794540767076,2.1022291914506903,-1.2099275211803213,-1.2987531882718597,1,DJI_0052.JPG
52,0.621913433588384,-0.5699494464832794,-0.3851261547808707,-0.3742447788271882,2.380343838745458,-1.2102017028514667,-1.3323125319126023,1,DJI_0053.JPG
53,0.6254939663283823,-0.5750519793112051,-0.37697175400053,-0.36873407201236225,2.561560258796905,-1.223197954640754,-1.336089990654597,1,DJI_0054.JPG
54,0.6507144202993643,-0.6024444008573238,-0.3275288213090602,-0.326123225640279,2.792495295715948,-1.2445940792321548,-1.6729537259282259,1,DJI_0056.JPG
55,0.646560745109208,-0.5975875931267419,-0.3370778274665,-0.33350683599482306,2.5969117153776105,-1.2359806624622414,-1.6222461903779202,1,DJI_0055.JPG
56,0.6521018510300987,-0.6044926745536748,-0.3232203431598274,-0.32385242327595376,3.011242215358992,-1.251808194345148,-1.676274014253383,1,DJI_0057.JPG
57,0.652860075589784,-0.6050875910133162,-0.321250380137294,-0.32317320768319835,3.180634202197811,-1.25459419594713,-1.6614365349728903,1,DJI_0058.JPG
58,0.6538226285020845,-0.6058132544075836,-0.31909877106390566,-0.32199727568447384,3.3950231748800292,-1.2555832598551624,-1.6498808116439538,1,DJI_0059.JPG
59,0.6554882727834542,-0.6066457774517874,-0.3163875946642309,-0.3197106737127536,3.6835582662291584,-1.252252516355731,-1.6427576518109948,1,DJI_0060.JPG
60,0.6562377520759327,-0.6071195375458396,-0.3145318366467571,-0.3191043773063452,3.869597413536533,-1.2543810409805867,-1.6322498136698527,1,DJI_0061.JPG
61,0.6574262767864067,-0.6093877010566441,-0.30932412500934486,-0.31742070833337965,3.9626907032291294,-1.1300593689822769,-1.6507321457518214,1,DJI_0062.JPG
62,0.6588310605753486,-0.6079995667689426,-0.30686350186860895,-0.3195511721944917,3.9590438149780325,-1.1354621574762673,-1.6616838171440265,1,DJI_0064.JPG
63,0.8988299924700485,0.04209588721572504,0.011342351413440274,-0.4361237576425157,3.971067694713519,1.7327722811205284,-1.1041905370209593,1,DJI_0063.JPG
64,0.6605284499003644,-0.6102841130364641,-0.30519738414461217,-0.31322519847356534,3.9416724437233635,-1.1135627795091503,-1.710530123424406,1,DJI_0065.JPG
65,0.6342999303481307,-0.5821997111613061,-0.35798012789538874,-0.3613271685274295,4.173929825886908,-1.09654022289611,-1.046148887361669,1,DJI_0066.JPG
66,0.6333205766602851,-0.579922154941707,-0.3611793807910079,-0.36351725719403594,4.022456606827544,-1.0947400548836075,-1.0055864440572153,1,DJI_0067.JPG
67,0.6325294528506293,-0.5795023493228363,-0.3626913927037266,-0.3640583360732567,3.721694627777964,-1.0892038267299589,-0.9731204625606037,1,DJI_0068.JPG
68,0.6324105354709851,-0.5793108398946623,-0.36359587104277613,-0.3636673039558104,3.478979722889938,-1.090592786021978,-0.9399344232033119,1,DJI_0069.JPG
69,0.6324506731055697,-0.5791741667402409,-0.36394328264949116,-0.3634676294848994,3.2947661283298175,-1.090905933659569,-0.889202967249973,1,DJI_0070.JPG
70,0.6547204590521891,-0.6010640317450414,-0.32307468523469546,-0.3250936757326866,2.8351851064662954,-1.1041794943239642,-1.1792998183535641,1,DJI_0072.JPG
71,0.6326552040629223,-0.5783046510032106,-0.3646100616003956,-0.3638277427298704,3.1067054855111764,-1.0952889994510535,-0.813147802084058,1,DJI_0071.JPG
72,0.6581084593282498,-0.6037023854037163,-0.31667527235818493,-0.31961454518737065,2.5019187449704368,-1.1061734038883932,-1.232941649160462,1,DJI_0073.JPG
73,0.6569877623422583,-0.6027669345569444,-0.31856221264187107,-0.32180307551987775,2.0278625190482327,-1.1224033295913876,-1.2506127408731313,1,DJI_0075.JPG
74,0.6572096678325599,-0.6030320765752968,-0.3182560422120777,-0.3211555055175083,2.2789683100489935,-1.112965091229538,-1.2344986457295997,1,DJI_0074.JPG
75,0.6566886051563964,-0.6024288753623885,-0.3192258708886342,-0.3223885378588195,1.8313601390497591,-1.1345676380876324,-1.2662264319374146,1,DJI_0076.JPG
76,0.6562643380827811,-0.6026047894607267,-0.3195400758085644,-0.322612346682546,1.6814683752474608,-1.1432827438528084,-1.2709507237533837,1,DJI_0077.JPG
77,0.6563818617238047,-0.6020677473903038,-0.31987057938850244,-0.3230481258172244,1.5208173307789077,-1.144913320959418,-1.2565860495567038,1,DJI_0078.JPG
78,0.6386136113289433,-0.5835969689434715,-0.3541461705514153,-0.3552009616388535,1.442770549131339,-1.1436695883116677,-1.0762079861657061,1,DJI_0079.JPG
79,0.6373787878202068,-0.582175907988831,-0.3566126081014662,-0.35727712036638226,1.3164056740178522,-1.1427818886471668,-1.0687940473006876,1,DJI_0080.JPG
80,0.6164869043099116,-0.5608056958118306,-0.39185323113756243,-0.38973313126605325,1.269697918463486,-1.1416679007019799,-0.9433786524169756,1,DJI_0081.JPG
81,0.6110797342165943,-0.555372969988748,-0.4004168543042762,-0.3972515140622143,1.1754680881317572,-1.1409962978197554,-0.9228796064941474,1,DJI_0082.JPG
82,0.5747635635298409,-0.5151511973307411,-0.45382443852965576,-0.4453195132940226,1.1118118618071768,-1.128424930390385,-0.6605222742441421,1,DJI_0084.JPG
83,0.5802830196764066,-0.522947335983466,-0.44483071194470175,-0.4380905597862122,1.2019228452783526,-1.1373845632185802,-0.7283009339228043,1,DJI_0083.JPG
84,0.5731598909060289,-0.5123558068848334,-0.4567429203452061,-0.4476216832577629,0.9916655298803922,-1.1231624215695397,-0.6296390887281782,1,DJI_0085.JPG
85,0.5720120225598526,-0.5103353641785217,-0.45866866253915645,-0.44942532207287106,0.8853341303450643,-1.1184180955765974,-0.642245180715168,1,DJI_0086.JPG
86,0.5710990378773254,-0.5091009392574485,-0.4603693630789346,-0.4502467902396117,0.8004524634558617,-1.129166997256168,-0.6688313592560794,1,DJI_0087.JPG
87,0.5696507147332456,-0.507617447666602,-0.4626863529107368,-0.45138002709303415,0.6760592176971235,-1.1410832717580968,-0.6982735626603379,1,DJI_0088.JPG
88,0.5688688768657693,-0.5070095714111438,-0.46387571478112427,-0.4518283044113855,0.5979623631262183,-1.14877389582551,-0.7207197584053001,1,DJI_0089.JPG
89,0.5529256093271094,-0.48975442201395614,-0.48381580454011686,-0.46939976986063797,0.4431262169169815,-1.1467004363422537,-0.6382563764708622,1,DJI_0091.JPG
90,0.5481589545405111,-0.4837959338791417,-0.4899726674734387,-0.47475260931144553,0.24651240395692697,-1.144992302008153,-0.5709581207319151,1,DJI_0092.JPG
91,0.56851072927804,-0.5061278706787589,-0.4646057929715648,-0.452516945931531,0.5223735766692279,-1.1474460658119254,-0.7176495046869757,1,DJI_0090.JPG
92,0.5472280307318371,-0.48217490559465426,-0.491203703214842,-0.476201390951525,0.02079303287154653,-1.1394071927220437,-0.5483318244913764,1,DJI_0093.JPG
93,0.5459591806526595,-0.4801208920696808,-0.49297143357384393,-0.4779034083781366,-0.3011410913343275,-1.135457767029921,-0.5502553623319812,1,DJI_0094.JPG
94,0.5452459665538572,-0.47865749834357724,-0.49405371062332026,-0.4790665572293133,-0.8774509994802847,-1.1477221958100652,-0.5616453823374751,1,DJI_0096.JPG
95,0.5244001889322031,-0.4563708276003893,-0.5164546153875234,-0.5000047397856653,-1.164206664425704,-1.1503506486481088,-0.6310456020775111,1,DJI_0098.JPG
96,0.5457288875738573,-0.4795339830728369,-0.49333242678946104,-0.47838296063271485,-0.6139304045614761,-1.135285956231139,-0.5637151911178336,1,DJI_0095.JPG
97,0.5191437952702728,-0.4501879696724739,-0.5218843751488658,-0.5054277502967471,-1.3735588446713285,-1.1518320084880798,-0.6509328358657981,1,DJI_0099.JPG
98,0.5450207238804177,-0.47811147264967807,-0.49438926384191967,-0.4795217263685416,-1.0340811813253796,-1.1483186260075107,-0.5560892964737542,1,DJI_0097.JPG
99,-0.4957338189533159,0.4256013037013644,0.5446079139890799,0.5258457293295467,-1.7335011335717565,-1.1537024067724224,-0.7939174686242636,1,DJI_0100.JPG
100,-0.49187486495482585,0.4207049238435774,0.5485048029959093,0.5293476791012314,-2.1349817059566325,-1.1498414219131037,-0.8548911994427365,1,DJI_0101.JPG
101,-0.48770642112146784,0.41600544863826683,0.5519776041961363,0.5332941383196121,-2.863082698193607,-1.132776066206057,-0.9808649105691702,1,DJI_0103.JPG
102,-0.48990089831564726,0.41851394383391266,0.5500289374211033,0.5313298002611172,-2.51423666304336,-1.1390341760637825,-0.9172069901891546,1,DJI_0102.JPG
103,-0.4849684417039466,0.4133430284311767,0.5542613327010294,0.5354881198225299,-3.307658291860281,-1.1282643079690313,-1.0339762253295157,1,DJI_0104.JPG
104,-0.48349255860375173,0.410254938434894,0.556483433875097,0.5368910681759939,-3.393009915494904,-1.1276103643345512,-1.0644859432702845,1,DJI_0105.JPG
105,-0.4824103567547294,0.40780385153989845,0.5580177126427104,0.538137992286362,-3.3779449741794125,-1.1296213749095625,-1.0892812680462156,1,DJI_0106.JPG
106,-0.4267834016606938,0.3515149044374054,0.6016743305004688,0.5764383748867709,-3.19360137847169,-1.111716484834243,-1.74561850329268,1,DJI_0107.JPG
107,-0.4072759041865074,0.3319789803128579,0.6149583564900882,0.5879987366334282,-3.4305465880036006,-1.108208131587393,-2.183876670681227,1,DJI_0108.JPG
108,-0.408883907987575,0.33137661308472854,0.6144933101035469,0.5877086539496322,-3.472872122909505,-0.8679461915727592,-2.2175597367961974,1,DJI_0109.JPG
109,0.5910654137096413,-0.5152108701767663,-0.44137470318195304,-0.4363345131421453,-4.089364422379474,-0.8797982212745786,0.463182851137304,1,DJI_0111.JPG
110,0.5127306325429114,-0.43490333233078576,-0.5305744553706533,-0.5161948636783,-4.0332857175904335,-0.8693298509276861,-0.8580291969923478,1,DJI_0110.JPG
111,0.5590620232105187,-0.48228900657602614,-0.48292543315034286,-0.47077594921175103,-3.53799139237244,-0.8705642854907608,-0.018759778364633547,1,DJI_0113.JPG
112,0.5737270752125807,-0.4982273657478806,-0.46411822844293094,-0.4551933712335241,-3.936865817987743,-0.8792568629401618,0.19882006266330943,1,DJI_0112.JPG
113,0.5549856298261117,-0.47767410913474145,-0.48844574802455987,-0.47459366555567667,-2.934425257442235,-0.8436001122598077,-0.08783317299708447,1,DJI_0114.JPG
114,0.5548275064583434,-0.4772506565204949,-0.4890127209767044,-0.47462069871733714,-2.5635332709445247,-0.8283322796021126,-0.10025122385175178,1,DJI_0115.JPG
115,0.5548960256524134,-0.47761529205017506,-0.4886626723348189,-0.47453432560940817,-2.208691773678358,-0.8069323644994095,-0.10055754278692355,1,DJI_0116.JPG
116,0.5547828220769987,-0.4774908434410628,-0.4889011465743148,-0.47454629240627727,-1.887001867785538,-0.7900726766062616,-0.10230682993629982,1,DJI_0117.JPG
117,0.5550051608340354,-0.47733009264461423,-0.4891739252930831,-0.4741667690979913,-1.5481152170277765,-0.7766241010632745,-0.10571123186008513,1,DJI_0118.JPG
118,0.5553793617142472,-0.47753651331265,-0.488864770384754,-0.4738395079683991,-1.185715567994169,-0.763383109408549,-0.10696227009001134,1,DJI_0119.JPG
119,0.5555907640877656,-0.477461413728352,-0.48862740335724364,-0.47391218801509405,-0.8300028137699281,-0.749436895727751,-0.10774961409964046,1,DJI_0120.JPG
120,0.5556048754731937,-0.477198343729037,-0.48882952978691446,-0.4739521641484348,-0.4864731671818526,-0.7339022192124758,-0.10187693450628212,1,DJI_0121.JPG
121,0.5559247435701886,-0.477473794469435,-0.4883972656795803,-0.47374525428555936,-0.09326706215823893,-0.7161968737779637,-0.10124895604012232,1,DJI_0122.JPG
122,0.5559820089328396,-0.4775631817789129,-0.4883688779463784,-0.4736172000736465,0.26956331221952307,-0.7021001924081048,-0.10833690720805778,1,DJI_0123.JPG
123,0.5559648851230445,-0.4780319962815107,-0.4883158541083006,-0.473218853880226,1.021801672639643,-0.6753093191182168,-0.12012976424985106,1,DJI_0125.JPG
124,0.5560205160602719,-0.4778173002997513,-0.48827646444868417,-0.4734109288132447,0.6708904392821676,-0.6888868708137045,-0.11535305016064804,1,DJI_0124.JPG
125,0.5562748931789161,-0.4788292748804979,-0.48717294182086834,-0.47322647167482385,1.892129280601013,-0.6393516517360583,-0.15414271386704498,1,DJI_0126.JPG
126,0.6164656633064395,-0.5431634263288179,-0.4053632962447367,-0.4007794609513971,1.7638204076945976,-0.6495390458411902,-0.6884576725235696,1,DJI_0127.JPG
127,0.6263797634679006,-0.5550270010203907,-0.38859797221225073,-0.3854672956928187,1.7769615614600478,-0.6566167784093127,-0.7611504474896158,1,DJI_0128.JPG
128,0.628371413733001,-0.5572351073464075,-0.38572682505646033,-0.3819073421337828,1.9521735105161382,-0.6541962511062507,-0.7597614808522246,1,DJI_0129.JPG
129,0.6298041747114497,-0.5593017261470383,-0.38317334118014956,-0.3790863638457784,2.22959145009331,-0.6502969282014476,-0.7698386667130513,1,DJI_0130.JPG
130,0.633830164062249,-0.5644999122393108,-0.37521050403716344,-0.3725805280295935,3.0501261294274675,-0.6253835301912504,-0.8327594062960294,1,DJI_0132.JPG
131,0.6323474524625349,-0.5623745960373159,-0.3782911173698233,-0.3751897434833454,2.669311661337224,-0.6388561703561453,-0.8154156337266846,1,DJI_0131.JPG
132,0.6355884718771636,-0.5666604180029575,-0.3716483993371168,-0.3698658302083668,3.6011136606526746,-0.6056529289781969,-0.8492108702874571,1,DJI_0133.JPG
133,0.6364939795164181,-0.5684629155888713,-0.369030514396227,-0.3681600291775436,3.79875549399935,-0.607544730847038,-0.8598886577075953,1,DJI_0134.JPG
134,0.6376452335438437,-0.5702475770106771,-0.3665610412263831,-0.36586781780760497,3.9883218789695944,-0.6087960035187897,-0.8724730312270458,1,DJI_0135.JPG
135,0.6399080901844036,-0.5721039074489305,-0.3638829351890404,-0.36166830753664786,4.676649276679754,-0.5747220375255913,-0.8777640872904587,1,DJI_0137.JPG
136,0.639047939528385,-0.5715587208345986,-0.36487412477878367,-0.36304990385532376,4.354421667136694,-0.5940441542725325,-0.8691702422338442,1,DJI_0136.JPG
137,0.6410293357806834,-0.5728339183922455,-0.3623404309757998,-0.36007236035029655,5.066149044892359,-0.5541522849519097,-0.9213105557786213,1,DJI_0138.JPG
138,0.641946902394218,-0.5747161174236265,-0.3589613056086091,-0.3588207629942051,5.416466864308453,-0.5476444585522312,-1.0018668385232157,1,DJI_0139.JPG
139,0.6431326097437967,-0.5806488298184294,-0.3507435556892382,-0.35525531784491565,4.896761769881034,-0.31065307949446397,-1.0755167959889163,1,DJI_0141.JPG
140,0.6431851734416055,-0.5800271607021297,-0.35163241427240477,-0.35529701764253213,5.298494744570101,-0.29113477252880476,-1.0909439907763179,1,DJI_0140.JPG
141,0.6431476514838631,-0.5811933412317376,-0.3503951728766478,-0.3546810134803163,4.59457341430994,-0.3226995500121663,-1.036726239865842,1,DJI_0142.JPG
142,0.6431706780177624,-0.5814621989892138,-0.35016727000817716,-0.3544235786454113,4.317769682460195,-0.33727500609538075,-0.9925006995865194,1,DJI_0143.JPG
143,0.6435122975219342,-0.582085502696182,-0.3496136329284861,-0.3533252017044929,4.009834996943779,-0.35277180246059925,-0.9665704338712927,1,DJI_0144.JPG
144,0.6436594956962214,-0.582550267290576,-0.3493681485568844,-0.352533028883393,3.716361208011835,-0.3633996125519798,-0.9435092223409277,1,DJI_0145.JPG
145,0.6436978293185954,-0.5832333355444169,-0.3488556668242427,-0.35184045328085145,3.5047729000603667,-0.3767149848908847,-0.9252283575177702,1,DJI_0146.JPG
146,0.6440548971662537,-0.5844733571457243,-0.3480136028396079,-0.3499581638732957,3.0553413395359548,-0.3988711829544149,-0.9041034163050106,1,DJI_0148.JPG
147,0.6439030662217466,-0.5840743002488955,-0.34838229862821163,-0.35053648469384746,3.233855243279961,-0.39135004521573874,-0.9178656595214595,1,DJI_0147.JPG
148,0.6439712998718927,-0.584589628114496,-0.34811556625300477,-0.34981635778592446,2.9128393756574598,-0.40409210323297845,-0.874906656987618,1,DJI_0149.JPG
149,0.6442269330936012,-0.5843275917241265,-0.3480882957276792,-0.3498106096219707,2.7728394748657412,-0.4083943016616289,-0.8226885825513677,1,DJI_0150.JPG
150,0.6445102905097101,-0.583856440158037,-0.3481149748998894,-0.350048720842575,2.6114000643976727,-0.40001952543229913,-0.7701472503929296,1,DJI_0151.JPG
151,0.6446236765151429,-0.58364528568921,-0.3478897329237141,-0.350415795727202,2.229070613391359,-0.3874767892385653,-0.6641451386247341,1,DJI_0153.JPG
152,0.6445018323625029,-0.5836362688778262,-0.34825992063626027,-0.35028719846744605,2.456147355546297,-0.39586752226662547,-0.7197930413022735,1,DJI_0152.JPG
153,0.6446107591944733,-0.5838499371951298,-0.3475666986860194,-0.350419191729662,1.9773511970891016,-0.38929525968891965,-0.6152223874951788,1,DJI_0154.JPG
154,0.600768202564673,-0.537785843719052,-0.4201548914738577,-0.4163337846646489,1.3971053072594182,-0.398165422285388,-0.13915559681611409,1,DJI_0156.JPG
155,0.6385075209051709,-0.5773242365640815,-0.3590327758979816,-0.3606942437220518,1.730945788583151,-0.3966311376507273,-0.4987851490005873,1,DJI_0155.JPG
156,0.6018203633051005,-0.5396815522629552,-0.41861155377706216,-0.41390873330085426,0.7521853590907289,-0.41481898477232465,-0.03373538306326538,1,DJI_0157.JPG
157,0.6028419146692191,-0.5398099311608359,-0.4178915715560832,-0.41298123269765025,0.3945618726078209,-0.42952152357651513,0.05864480357977828,1,DJI_0158.JPG
158,0.6038246870468202,-0.5399622978843184,-0.4171787574893653,-0.4120659516096004,0.068938769379436,-0.4329556020504584,0.1476434551565012,1,DJI_0159.JPG
159,0.6045528516191547,-0.53978942496801,-0.4168980506494959,-0.41150849524220506,-0.2731358953952946,-0.44043697940105,0.22791400667909495,1,DJI_0160.JPG
160,0.6050880786177177,-0.5398796257142486,-0.4163886628651026,-0.411119068264625,-0.5611750567678808,-0.44580290118715105,0.28868263239329695,1,DJI_0161.JPG
161,0.5883291508977367,-0.5217980371339218,-0.4403163041854759,-0.43326339669487224,-0.9589733101020155,-0.4556172844645451,0.25551003091244995,1,DJI_0163.JPG
162,0.6055900540457266,-0.5397964189249115,-0.4160469175411282,-0.41083509460763085,-0.777147276858695,-0.45456446604544976,0.31071644885864097,1,DJI_0162.JPG
163,0.5851217036321017,-0.518082796249234,-0.44466875879677803,-0.43759856389089596,-1.1338155478960565,-0.4622430574521379,0.2586321469536954,1,DJI_0164.JPG
164,0.5815485228226167,-0.5135690394792244,-0.449867328550882,-0.44234324228331123,-1.5871234039092201,-0.46222974297956937,0.32103376534276623,1,DJI_0166.JPG
165,0.5831928002221402,-0.5159788364380324,-0.4472363831927801,-0.4400359254262699,-1.283115581400504,-0.4574810432113942,0.27162121800162126,1,DJI_0165.JPG
166,0.5806530124623288,-0.5118577232077038,-0.45155870559627803,-0.44377751825803685,-1.72161653263756,-0.47245533416888025,0.3329633820235402,1,DJI_0167.JPG
167,0.5788631618889438,-0.5086485910790234,-0.45455733096525686,-0.446734466396987,-1.9470632498289633,-0.4927888584940884,0.30836343977263536,1,DJI_0169.JPG
168,0.5792876896387275,-0.5093721945807449,-0.4538400097365865,-0.44608854007171733,-1.9455899388177615,-0.4859258905662628,0.3129606367498046,1,DJI_0168.JPG
169,0.5769761756095934,-0.5072977708417243,-0.4563433683932141,-0.4488855027749061,-2.1984905441678935,-0.4894325389474191,0.2643613478829762,1,DJI_0170.JPG
170,0.5756846505573676,-0.5073191526814219,-0.4576122862673729,-0.4492276214708903,-2.5813168067477346,-0.4897045187703419,0.2705866837822075,1,DJI_0171.JPG
171,0.5746334768449965,-0.5074235672933334,-0.4584777789601262,-0.44957292716991826,-3.0697768859900036,-0.5196017825694829,0.32145191790389505,1,DJI_0172.JPG
172,0.5737257463776887,-0.5069998653013307,-0.4603248234032107,-0.44932278095662964,-3.864854371603529,-0.5664323894422555,0.4286181539540987,1,DJI_0174.JPG
173,0.5741999454913623,-0.5070867103968353,-0.4595474659234979,-0.44941474975786466,-3.494714999537437,-0.5488586895663652,0.37647906250254887,1,DJI_0173.JPG
174,0.5738737244020152,-0.5061560557065512,-0.4613562031704053,-0.4490272257989869,-4.146975650107936,-0.5896642299375554,0.5061216282411082,1,DJI_0175.JPG
175,0.5727708766235363,-0.5044538741775891,-0.4620603863418594,-0.451619320991406,-4.550659253487652,-0.602696642451105,0.5345277534986999,1,DJI_0176.JPG
176,0.5719259738900018,-0.5029256208282449,-0.46286460256099193,-0.45356681977471924,-5.044431764925569,-0.5919581647489248,0.6173617557474588,1,DJI_0177.JPG
177,0.5714079928409544,-0.5013432461095149,-0.463896919852395,-0.45491483054447324,-5.087323231590882,-0.5738716038009066,0.6117951384295257,1,DJI_0178.JPG
178,0.5639234636955361,-0.4933811194424605,-0.47281756996515967,-0.4636905688102523,-5.1174473183674545,0.10756908207694571,0.4198956808152505,1,DJI_0179.JPG
179,0.56353523891528,-0.49113936517962825,-0.47534877692789307,-0.46395441451160524,-4.981520248639744,0.07856898674939598,0.3773580921054011,1,DJI_0180.JPG
180,0.563449187931997,-0.4871643149936887,-0.47910988470747223,-0.46438094404389146,-4.269201625265756,0.044872203102258194,0.2882820005593407,1,DJI_0182.JPG
181,0.56338571252884,-0.4892734029218518,-0.4771752608257092,-0.46423253501619116,-4.686181986641162,0.06130776956770459,0.3380016238466739,1,DJI_0181.JPG
182,0.5297792729732524,-0.4514007229605825,-0.5173592568554461,-0.4979063251100313,-3.7365802285261105,0.04884325924115717,-0.28329003206162867,1,DJI_0183.JPG
183,0.5256758599598413,-0.4458144087274206,-0.5223353980283585,-0.5020758261388991,-2.9983250811349924,0.05021157668367449,-0.3877643427604785,1,DJI_0184.JPG
184,0.5222150155455226,-0.4400718660721868,-0.5268865565942452,-0.5059829905350498,-1.9542244151614838,0.06955914818483135,-0.509828226436789,1,DJI_0186.JPG
185,0.5206899666333342,-0.437717965677262,-0.5288580075037728,-0.5075373376116046,-1.4367467725236802,0.08449073611625461,-0.552385028836236,1,DJI_0187.JPG
186,0.5238193010597179,-0.4430141235334097,-0.5246134278701481,-0.5041156390011787,-2.484757764435464,0.057420727442991704,-0.45248449014655145,1,DJI_0185.JPG
187,0.5192872626782977,-0.4357297647304726,-0.5304710785930009,-0.508999750220357,-0.9519678875603407,0.10255029386052165,-0.5830991080620279,1,DJI_0188.JPG
188,0.5394231931180514,-0.4565257980062729,-0.5094665206499928,-0.49096912206151194,-0.32644624197979,0.1265544864114893,-0.5812379392346738,1,DJI_0189.JPG
189,0.5416607762596211,-0.4588002135641557,-0.5068968472264043,-0.48904146426171397,0.044789017617611185,0.13605683453458345,-0.5944930027482964,1,DJI_0190.JPG
190,0.5420527899252373,-0.45948803227496726,-0.5059210621171574,-0.48897177836414324,0.46515388188134726,0.15331674593089417,-0.5968875628272432,1,DJI_0191.JPG
191,0.5417642782986852,-0.45941533269230606,-0.5059134342514071,-0.4893675672648012,0.8559981984555026,0.15861341447907024,-0.5943052099011961,1,DJI_0192.JPG
192,0.5415433014887643,-0.45960092777528366,-0.5056635708957747,-0.48969602088405995,1.2672352992884988,0.16627629068140534,-0.6055056745289787,1,DJI_0193.JPG
193,0.5911924886372267,-0.5113116039359947,-0.44526455340685384,-0.43679670619032623,1.57014948607305,0.17057415032824982,-1.0049312964630757,1,DJI_0194.JPG
194,0.5930529344943614,-0.5144790830530368,-0.4420356954936908,-0.4338247732644396,1.8830166641026769,0.18154125634438528,-1.071164243096551,1,DJI_0195.JPG
195,0.5930546278993825,-0.5157145321648628,-0.44141298316404287,-0.43298880809476176,2.1321951465646425,0.1759970432877511,-1.118148471963107,1,DJI_0196.JPG
196,0.6256325531533413,-0.5512990545388967,-0.3920718266095442,-0.38850089276397515,2.2385956443673614,0.1714001126419971,-1.547530291754197,1,DJI_0197.JPG
197,0.6632239873770034,-0.59292775447636,-0.3215466405733595,-0.3243121620836266,2.4377512786086775,0.16453706010427518,-2.1373918688496563,1,DJI_0199.JPG
198,0.6290309348266636,-0.5562295187936418,-0.385583956590442,-0.38243145513117477,2.451300090358026,0.1695121467611855,-1.6236240397290438,1,DJI_0198.JPG
199,0.6651678729475966,-0.597361621541616,-0.31513485991415496,-0.31843494465028044,2.775625595449909,0.16256315030595866,-2.1919527736145272,1,DJI_0200.JPG
200,0.6680521418540906,-0.6034226227071818,-0.3051324506663323,-0.31061497343126643,2.8119046239209182,0.15520825904218938,-2.2934518848555414,1,DJI_0201.JPG
201,0.6682454726807608,-0.6070724228974281,-0.3013656665336419,-0.30674060154118266,2.8807402843145664,0.14740556506281033,-2.3042348822851992,1,DJI_0202.JPG
202,0.6686941720683903,-0.6088838068048043,-0.2991808686323001,-0.304301531210545,3.095206264547595,0.1445068963473306,-2.3197755497305987,1,DJI_0203.JPG
203,0.6693678801324456,-0.6103518718135413,-0.2969506680303083,-0.3020555153892341,3.3327896338188374,0.14755890274240838,-2.353189836191961,1,DJI_0204.JPG
204,0.6699129040938073,-0.6123817517212552,-0.2937131773364942,-0.2998964163612321,3.639809736329079,0.15365170140414205,-2.4046340052289787,1,DJI_0205.JPG
205,0.6704300592734114,-0.6149650791655055,-0.2897340091951251,-0.29731412839845506,3.6308026493063985,0.15841221306585743,-2.450215959681953,1,DJI_0206.JPG
206,0.6730229444469291,-0.6201373076659719,-0.28040268470751933,-0.28955857835263865,3.54268030550539,0.9111416402996845,-2.5807087980164396,1,DJI_0207.JPG
207,0.6541884285149161,-0.6003324314337645,-0.3221007443929672,-0.32846549625113686,3.7190957279536128,0.8943435952181529,-2.1206744118755,1,DJI_0208.JPG
208,0.6536128646963419,-0.5997789664074925,-0.3232155679017831,-0.32952558508335794,3.5306307470447194,0.8839114298151516,-2.0814452749376335,1,DJI_0209.JPG
209,0.6540058156465414,-0.5993186886390419,-0.32343003622623406,-0.32937291056669854,3.0434882101603944,0.8569172178002783,-1.9422939274821542,1,DJI_0211.JPG
210,0.6534361415311546,-0.5993530591002947,-0.323792633463802,-0.33008400446336605,3.301089685990645,0.8712674070699689,-2.0083653991068995,1,DJI_0210.JPG
211,0.5984212493058199,-0.5397036523060177,-0.4196443341795264,-0.417744669454715,3.157647889566869,0.8527309845571396,-0.908851929505745,1,DJI_0212.JPG
212,0.5962602790665619,-0.5329561262272003,-0.4267331380316504,-0.4222916954310407,2.4231031111228214,0.8560955507012179,-0.7977268201818227,1,DJI_0215.JPG
213,0.5955308995374842,-0.5342226088522609,-0.42640214632206114,-0.4220549271115064,2.685491518455556,0.8492003097767388,-0.8203531595128467,1,DJI_0214.JPG
214,0.59583280389346,-0.536219155684661,-0.42407404325118436,-0.4214421582161419,2.974147099278056,0.839666351222689,-0.8410366318495838,1,DJI_0213.JPG
215,0.5968324362212402,-0.5323881813397452,-0.42692036249110316,-0.4220105111658277,2.1895922102620773,0.862522657199777,-0.7791831297441804,1,DJI_0216.JPG
216,0.5967216511396218,-0.5316025093228685,-0.42751191458127064,-0.4225584054706396,1.9890491237592223,0.8642979815847907,-0.746834455088204,1,DJI_0217.JPG
217,0.5969726385289292,-0.5301144376945137,-0.4284473135278969,-0.42312557394509503,1.6542470095222028,0.8653151214863133,-0.6697721036842896,1,DJI_0219.JPG
218,0.5969817236258257,-0.5308341715965278,-0.42786186972338724,-0.42280270145657023,1.8124801913673958,0.8618202736594252,-0.704928847499858,1,DJI_0218.JPG
219,0.5972444524412824,-0.5289195199519432,-0.42899083385425507,-0.4236862871405561,1.4103023697754176,0.8631310206444865,-0.6260873121080275,1,DJI_0220.JPG
220,0.5961221372477391,-0.5264627380076252,-0.4306198823421188,-0.42666368477333755,0.35323684353897405,0.8349466157193908,-0.5976521891026896,1,DJI_0224.JPG
221,0.5970026427126077,-0.5284188858357527,-0.4294603376392183,-0.42417584099176703,1.2619154982856162,0.8607150444473908,-0.6121236880140404,1,DJI_0221.JPG
222,0.5964003843392421,-0.5268439400542291,-0.43055157331090554,-0.4258725009995882,0.7381337084732722,0.8377419097341107,-0.5984350819112125,1,DJI_0223.JPG
223,0.5968920046234872,-0.5279371502759815,-0.42963937679889513,-0.4247496981504373,1.1223226276514342,0.8532743326886828,-0.6002461722985758,1,DJI_0222.JPG
224,0.5957658546689815,-0.5263477929442152,-0.43093145210012274,-0.4269884434784757,-0.07951060066664367,0.8212918443208751,-0.6088837293933985,1,DJI_0225.JPG
225,0.5955308868352298,-0.5261016518310792,-0.4313107335821971,-0.4272365455607019,-0.7555525640820804,0.8174021416984764,-0.6295301377161892,1,DJI_0226.JPG
226,0.5956598337206543,-0.5259782991875696,-0.4314044057293756,-0.4271140714058931,-1.1049101486052795,0.8158364714227927,-0.6480198511062114,1,DJI_0227.JPG
227,0.5304106158256033,-0.46144133465480114,-0.5095838503567105,-0.49604513176436854,-1.6476210940109928,0.8182157070446329,-1.1338972273362908,1,DJI_0228.JPG
228,-0.4551051286729336,0.38478213357193697,0.5779454867148539,0.557495332648939,-1.8934461835644472,0.8313072272032308,-1.7197658499471198,1,DJI_0229.JPG
229,-0.4505222725208639,0.37920650141464207,0.5821339485500491,0.5606711845574306,-2.251712003556085,0.8261525184941375,-1.7942477552856593,1,DJI_0230.JPG
230,-0.4392186739084577,0.3660492472192448,0.5919283109526593,0.5680807863262515,-2.9152116657317126,0.8065127805630706,-1.909213254228787,1,DJI_0232.JPG
231,-0.44588759259129684,0.37298979662323123,0.5871582842543688,0.5633009991288533,-2.7789241367710367,0.8125000418749182,-1.87597726570158,1,DJI_0231.JPG
232,-0.436736197376126,0.363701091066401,0.5936479714950503,0.5697061489911822,-3.2352992575499333,0.8026108868774344,-1.9669591160097388,1,DJI_0233.JPG
233,-0.4342912845071729,0.361030726869136,0.5955929897741955,0.5712415294683049,-3.7644510761693706,0.7824868153286417,-2.089620768961318,1,DJI_0234.JPG
234,0.6527048963696952,-0.5812418202830718,-0.3428281762915498,-0.34438801684968195,-4.079513368661301,0.761612572310246,1.81769305004722,1,DJI_0235.JPG
235,0.7309092720124793,-0.6796888854784863,0.0575662472875492,0.02192674659928743,-0.07347990428671737,0.8102560039769886,4.373300381239452,1,DJI_0236.JPG
236,0.7096202838114605,-0.6681519159139784,0.17876050577032082,0.1343754130805248,1.388153153919378,0.8866796623982253,4.1761525151550405,1,DJI_0237.JPG
237,0.8925116216836982,-0.3968120202304909,0.11628609214057262,0.18011321588047322,1.3004761519524617,-1.9117526187214093,3.931024216860945,1,DJI_0238.JPG
238,0.927720641864942,-0.30578864393122146,0.09769764579832295,0.19048067068831537,1.2972224291618806,-2.6577136188100505,3.4852140391280293,1,DJI_0239.JPG
239,0.9770683980887079,0.014876690281932684,0.03301619900454022,0.20982364057921146,1.277978630533806,-4.264723733716256,1.1035765405012514,1,DJI_0240.JPG
240,0.9974603694864884,0.02498739311858393,0.022871843565528734,-0.06265237633904722,-1.1417969994233421,-4.217426886125245,1.0950770223658095,1,DJI_0241.JPG
241,0.9981010494524332,0.03194863065302954,0.023542116327454808,-0.0471099654019478,-0.9565667045235704,-3.5809528112099827,1.0015885148755406,1,DJI_0243.JPG
242,0.9979346403805976,0.029722252005167173,0.023027656923294258,-0.05208424215452874,-1.0101890390074564,-3.844462518398206,1.0304380959594164,1,DJI_0242.JPG
243,0.9982706729791001,0.03365722440747564,0.023707716014381965,-0.041961874557996146,-0.9037076269126264,-3.2110886561595504,0.978392147537647,1,DJI_0244.JPG
244,0.9984533584760199,0.03401628915521911,0.023648039147415666,-0.037074968166506725,-0.8673136225581846,-2.9393127271752215,0.9764355172746022,1,DJI_0245.JPG
245,0.9985609931381783,0.03392038744115062,0.02370835125150611,-0.03410666180781813,-0.8514804810256846,-2.7036827266337555,0.9812626130857717,1,DJI_0246.JPG
246,0.998654936944251,0.03425351348945878,0.023844316123093127,-0.03076462772606862,-0.8291550925104738,-2.4506616480475714,0.9789423400109337,1,DJI_0247.JPG
247,0.9987312770217438,0.03436052259613413,0.023728263818019197,-0.028145342094562698,-0.813253362964306,-2.240490526340225,0.9767952650524516,1,DJI_0248.JPG
248,0.998784365481389,0.03466558709667169,0.023463974862791878,-0.02602941076590668,-0.8025167635779352,-2.0012762392137167,0.976255917830209,1,DJI_0249.JPG
249,0.9988669274189824,0.035298263642175094,0.02415191853776626,-0.02087052283374669,-0.8003944261430272,-1.4447348543710326,0.9880955455259589,1,DJI_0251.JPG
250,0.9988491761649019,0.034884398277676955,0.02375447613909402,-0.022784356362611915,-0.7936632644990005,-1.7382662961688764,0.9814318662844673,1,DJI_0250.JPG
251,0.9990460358654457,0.034127588548158665,0.024058480603046637,-0.012787315296772121,-0.9070070063704397,-0.22680941100067906,0.9892354742756706,1,DJI_0253.JPG
252,0.9989353785160348,0.035631009266842845,0.023352706299150202,-0.017697226792867376,-0.8305009295296713,-0.9253450016049365,0.9882689856554782,1,DJI_0252.JPG
253,0.9991873848500294,0.03085714712971535,0.023647930979539326,-0.01063869296300863,-0.8991515441094102,-0.13192340425029633,0.9778989100970463,1,DJI_0254.JPG
254,0.9992369494500636,0.03020043409028837,0.02415461504069002,-0.005477883416571258,-0.8870757680950772,0.06422572467631998,0.974583702953838,1,DJI_0255.JPG
255,0.9992409391211033,0.030183288708209355,0.02455484683160299,-0.0018905460081568072,-0.8202270966779652,0.540595581336508,0.9651074309994145,1,DJI_0257.JPG
256,0.9992393346588654,0.030524544427407378,0.02401640626401837,-0.0034952093169108517,-0.8904867622824959,0.28696266139368226,0.9686558090280646,1,DJI_0256.JPG
257,0.9992661134163299,0.02963470637477602,0.024220652067756337,-0.0015423259436176471,-0.7084818693180132,0.7555572589236471,0.9663287946652902,1,DJI_0258.JPG
258,0.9992650408594762,0.029395111510036716,0.024602876427052816,-6.330037117663386e-05,-0.5572073876658581,0.989764028892365,0.9733989568952228,1,DJI_0259.JPG
259,0.9992578020106044,0.02933589584567851,0.02496150100643332,0.0004168973172543413,-0.4731997330098368,1.1250375605326017,0.9695587470014477,1,DJI_0260.JPG
260,0.9992607075527896,0.02920784852222488,0.02497591019049904,0.0010695026681159041,-0.35005081971074303,1.312908196478448,0.9649695138014238,1,DJI_0261.JPG
261,0.9992724759021305,0.02853744684230663,0.025282789257109847,0.0009558240052731889,-0.12177717177997173,1.5810096847362682,0.9625489222369388,1,DJI_0262.JPG
262,0.9992428798027447,0.02875086644249317,0.02619645055714883,0.0008948857637879439,0.05362388378176535,1.8807867935631624,0.9721920934767827,1,DJI_0263.JPG
263,0.9992286031974102,0.028069530871342674,0.027452188262714446,0.0008230117882565411,0.17713441920017742,2.3191883065562564,0.9644816950643434,1,DJI_0265.JPG
264,0.9992354785170213,0.02845600122230949,0.026802419503101797,0.0005871763576765479,0.10123204469364219,2.0606447113642155,0.9697147686435825,1,DJI_0264.JPG
265,0.9992404984255393,0.02776733768598011,0.027328620870599982,0.0007400982526486611,0.22955512311912551,2.426478178586041,0.9628439367966523,1,DJI_0266.JPG
266,0.9992497651399188,0.027384210345165146,0.027379305562848552,0.0006209013488902124,0.3504173193493287,2.549271699812875,0.9727648201978066,1,DJI_0267.JPG
267,0.9992486089111579,0.026603422198715147,0.028151923387928154,0.0013945343283827882,0.7927591828596012,2.9133597250744154,0.9521924188076138,1,DJI_0270.JPG
268,0.9992099572706079,0.027368313162756803,0.028800916203253122,0.0009715717928113908,0.948533367151808,3.1066822283575677,0.9513058814762003,1,DJI_0271.JPG
269,0.9992636045620323,0.02652914702386109,0.02768384570509663,0.001434448624724118,0.6584177124345769,2.787552427749761,0.9586789999631805,1,DJI_0269.JPG
270,0.9992543647744636,0.026840184063562197,0.027739148659807054,0.0009266230335846555,0.49964921748111807,2.6586880855016246,0.9739230674440175,1,DJI_0268.JPG
271,0.999181768063157,0.028479437221098636,0.028716002373315144,0.0003274651875260237,1.0937924944272652,3.567054773416087,0.9501867215560885,1,DJI_0273.JPG
272,0.9991962875285316,0.027899869228224176,0.028774947747531976,0.0006153603617806182,0.9627583197177434,3.2400058378583574,0.955257109723488,1,DJI_0272.JPG
273,0.9991697172356961,0.02899689144659981,0.02861905202903682,7.94136786395551e-05,1.2071261986785884,3.763091232864346,0.9492317200072338,1,DJI_0274.JPG
274,0.999182021660052,0.029214060302218983,0.027961155018927403,9.055229719101442e-06,1.309059414905973,3.9328978773658685,0.9541712709512523,1,DJI_0275.JPG
275,0.9991464321744407,0.030016307118770832,0.028372444078492518,-0.0006578731264424319,1.4621686607926554,4.1466172619958295,0.9588063052464081,1,DJI_0276.JPG
276,0.9991343350904203,0.030380129971762194,0.028358646330675318,-0.0018480596890390988,1.6373509324988116,4.483592472445917,0.9701361059665838,1,DJI_0277.JPG
277,0.9991405547182567,0.029962434992236626,0.028525679655732827,-0.002586504747543879,1.751740231905112,4.747389146070954,0.9751377714463584,1,DJI_0278.JPG
278,0.9991487901709565,0.02991991481070208,0.028191069817585783,-0.00342890364030616,1.8820721881053857,5.052290632676463,0.9675492001809566,1,DJI_0279.JPG
279,0.5750449083439989,0.04515113701046638,-0.014131246237752672,-0.8167527386511001,4.219132003688443,-3.63848458692176,1.0336779723355036,1,DJI_0280.JPG
280,-0.43818938740830304,-0.04416308009754036,0.018828613870248027,0.8975996693508523,2.863913491582333,-4.77263588816506,0.9943065522329667,1,DJI_0281.JPG
281,-0.430848615264824,-0.04539464693557615,0.019660516963274113,0.9010672898439466,2.7814616308093343,-4.6662353189562005,0.9750255149843837,1,DJI_0282.JPG
282,-0.4260471751666364,-0.04632383927927559,0.02059953707160902,0.9032793396947552,2.7395734885120553,-4.2382199842508,0.9829701976399705,1,DJI_0283.JPG
283,-0.42120621708493217,-0.047610889233735805,0.02075926341833872,0.9054764375165718,2.6844694640080715,-3.801056775565361,0.9804033691917986,1,DJI_0284.JPG
284,0.5330870310131542,0.051145748706371806,-0.013752305588605108,-0.8444010918075856,3.453373631531688,-2.497010113661934,0.9760349050519616,1,DJI_0285.JPG
285,-0.306157690660832,-0.051708544468347564,0.025502102688532542,0.9502333069497485,2.1791102928326285,-3.4534988364817063,0.977460611557564,1,DJI_0286.JPG
286,0.7614615258186589,0.05744038759261627,-0.0010572120104497466,-0.6456592203894365,3.8503725368222828,2.3155868287784647,1.690388567180202,1,DJI_0287.JPG
287,0.5051245143938677,0.05532217423437848,-0.020262484459845076,-0.8610331664459011,4.721063672506622,-0.3357171473568961,1.6740501944333577,1,DJI_0288.JPG
288,-0.39505250142225,-0.05501164129118824,0.02239614061890173,0.9167364143132154,4.701616931216737,-0.9860218607516731,1.729543838626885,1,DJI_0291.JPG
289,0.5476462060606322,0.05674488040221055,-0.015156628726487249,-0.8346459897113159,4.7740170418749255,0.5567698780141687,1.720827567929069,1,DJI_0290.JPG
290,0.6573879798951794,0.055758692719998865,-0.009821492113197928,-0.7514223515228717,4.486703962062688,1.5653951871361418,1.6852132623056066,1,DJI_0289.JPG
291,-0.3774922765311091,-0.050118383550730346,0.02095643641323482,0.924417955560406,4.673466967028578,-0.9947821737889532,1.684208116631973,1,DJI_0292.JPG
292,-0.22543639737129698,-0.04861684917392218,0.027265922438810628,0.9726620184782645,4.168221139193977,-2.0698363989879853,1.7099906324283236,1,DJI_0293.JPG
293,-0.21215066325162937,-0.04960803234597197,0.027107381998578466,0.975600496642882,4.0850764144988,-1.9490737267544274,1.7197429695046151,1,DJI_0294.JPG
294,-0.19308212955064472,-0.050323610366349004,0.027296536673957334,0.9795109619465683,4.012652829889055,-1.6804591557366007,1.725793069355431,1,DJI_0296.JPG
295,-0.20315819196327384,-0.05028034506583012,0.027061000066041785,0.9774795845508489,4.035860489422939,-1.815797026208436,1.72681140621087,1,DJI_0295.JPG
296,-0.18746728401611307,-0.049921848099235305,0.02770145154318475,0.9806102467792083,4.024842887240912,-1.3820007684180258,1.723204735085513,1,DJI_0297.JPG
297,-0.18259312307525438,-0.050160911005429035,0.027254516951964458,0.9815298394437357,4.013575401888006,-1.1881356126968527,1.7265954831398473,1,DJI_0298.JPG
298,-0.1779735289441575,-0.050800985173937524,0.026997064402657894,0.9823521982538439,3.989416214429256,-0.9901643091453666,1.7398680383119707,1,DJI_0299.JPG
299,-0.17353950771229548,-0.051357237572280154,0.027381888013019294,0.9831056431639283,3.968562908822705,-0.7592171014144583,1.7531325291113766,1,DJI_0300.JPG
300,-0.16580836191572734,-0.051450936378514354,0.028044135998273562,0.9844155193315004,3.985157137119944,-0.35252343603464703,1.7526203746278681,1,DJI_0301.JPG
301,-0.061467303410765076,-0.04877776233912842,0.03160049983778532,0.9964155302496035,4.12131612261108,0.16864360129289702,1.7886434682888313,1,DJI_0303.JPG
302,-0.0893892635094576,-0.04950234701151537,0.030745521098695917,0.9942905964263958,4.013096155106548,-0.19946150931930257,1.7736153380288375,1,DJI_0302.JPG
303,-0.053739671551048716,-0.04867233562841322,0.032235985326911624,0.9968469755664928,4.162078210083197,0.37809337518440783,1.7863323503920359,1,DJI_0304.JPG
304,0.07868191232012986,-0.04525665382238243,0.03687152216220858,0.9951891693602228,4.2757926268479665,-0.10443021850152215,1.7970177468248787,1,DJI_0306.JPG
305,0.07225735630559953,-0.04517842798253586,0.036707718177439286,0.9956858578542523,4.259078626588198,-0.29119752933121545,1.7900769629014532,1,DJI_0305.JPG
306,0.08393664971869245,-0.04448672985169686,0.03703456544055692,0.9947884250752684,4.3091618841249115,0.07942452132975963,1.797672402086817,1,DJI_0307.JPG
307,0.09819250676510168,-0.04360615928990698,0.03748253251718936,0.9935048033317537,4.402921319809833,0.48342538289848647,1.786596769520701,1,DJI_0309.JPG
308,0.08968155213627851,-0.04440850509880321,0.03692269876151877,0.9942946334952651,4.348986816602861,0.28010253408015157,1.7970134744811255,1,DJI_0308.JPG
309,0.11823437893137027,-0.04350291060412926,0.03847810789458646,0.9912858132852174,4.481286635976766,0.5751538082579692,1.8023842083239308,1,DJI_0310.JPG
310,0.20862811834032857,-0.04036236241991878,0.04026190163242031,0.9763319964103391,4.848391715753878,0.6177484487482066,1.8083073655065351,1,DJI_0312.JPG
311,0.14605410773739744,-0.04278050427039417,0.038964016594943626,0.9875828225917017,4.660022193508461,0.8634881233360352,1.8111683299584354,1,DJI_0311.JPG
312,0.30194589733880284,-0.03609545904300143,0.041924590637543,0.951718509653256,5.00348162617819,0.0025748140624778752,1.7996477385738268,1,DJI_0313.JPG
313,0.3305598463825568,-0.03396930447581129,0.03966641867375046,0.9423390311042883,5.1481493331575,0.3415595018065491,1.7640068037604586,1,DJI_0315.JPG
314,0.3236099667030373,-0.034652882501138675,0.04121359521323437,0.9446571900718382,5.084747689535396,0.11388461801382245,1.7775509696313987,1,DJI_0314.JPG
315,0.3569228194382565,-0.03279698661334046,0.03883557440381826,0.9327498361265231,5.232443217889587,0.3352440668207404,1.7551753295001933,1,DJI_0316.JPG
316,0.3836759201943393,-0.031371829834653114,0.03738478079019635,0.9221773011309277,5.397639479942628,0.5337641020377211,1.7661707656692305,1,DJI_0317.JPG
317,0.39224327344948273,-0.03107648690765756,0.03536317227655279,0.9186560359795453,5.745933282887051,1.4067264299953484,1.8072959495100618,1,DJI_0319.JPG
318,0.3969616196186886,-0.03105890760740356,0.03496318269831665,0.9166430017534344,5.91350116640529,1.803300664125596,1.830636007640237,1,DJI_0320.JPG
319,0.38804140036751367,-0.030877560992594942,0.0362863595231124,0.920409554459604,5.554597375701394,0.9272570924369049,1.7802136382685214,1,DJI_0318.JPG
320,0.7141713530349737,-0.01224063027027084,0.03853600365736319,0.6988021335806733,5.8165690711084475,-2.4352499546987825,1.8093812976879502,1,DJI_0321.JPG
321,0.6902003026288253,-0.00851013804715942,0.034643815034570646,0.7227384906598976,6.001804975917953,-1.3020536401741232,1.7521022658680006,1,DJI_0323.JPG
322,0.9520608941588844,0.044354793786378244,0.01671679040549051,-0.3022139225781833,-4.342997506544976,-3.6186538905864287,1.3196789192111589,1,DJI_0324.JPG
323,0.9551386452300877,0.04643860152750665,0.01685597284075452,-0.292009419121702,-3.983523514821056,-3.5281597138060525,1.2994095971433324,1,DJI_0325.JPG
324,0.6950297693964831,-0.009289647328117013,0.035706785053240854,0.7180336674602054,5.944600766598389,-1.6356455364563545,1.764429344359189,1,DJI_0322.JPG
325,0.932054419667062,0.054705174465170175,0.01684175414575771,-0.3577684418490894,-3.1187032544715145,-1.8166018625943345,1.3073715092900966,1,DJI_0328.JPG
326,0.9581609620418605,0.04913322461366295,0.018597253048990656,-0.2813674452332954,-3.4991500811595326,-3.313617157130052,1.289835451632703,1,DJI_0326.JPG
327,0.9370733444892271,0.05334795759468332,0.016347842578187506,-0.34464516609302553,-3.3132629841113634,-2.333329128791428,1.2927679796765188,1,DJI_0327.JPG
328,0.933240150511084,0.0551615856103344,0.01744129913322193,-0.3545642706640765,-2.8900395288459513,-1.4194510631644293,1.3163951507388847,1,DJI_0329.JPG
329,0.9349621014227852,0.05540146641464695,0.018074573435574507,-0.34992835869263056,-2.706260802278758,-1.1012534507603464,1.3219910757065163,1,DJI_0330.JPG
330,0.9364657124639117,0.0561755600690317,0.018554761426197365,-0.3457339969670407,-2.5314674394823227,-0.7813203806800482,1.324835323173295,1,DJI_0331.JPG
331,0.9719034750805062,0.05248043207561068,0.025838930972253434,-0.22799515131204912,-2.172291741867524,-0.940933893059395,1.3403971770925942,1,DJI_0332.JPG
332,0.9744878328369572,0.05259182932691043,0.02560665086831299,-0.21668378474654765,-2.002226875254646,-0.5591590230557718,1.3422144430122576,1,DJI_0333.JPG
333,0.9880081515387753,0.050479538069306926,0.02942156474007544,-0.14291983857214388,-1.803234374416836,-0.5122229824130275,1.3493171805705213,1,DJI_0334.JPG
334,0.9910111073570035,0.049806694326484886,0.029395906817624006,-0.12063232965371845,-1.515745004205695,0.0425107216801573,1.355472970648923,1,DJI_0335.JPG
335,0.9939747079649547,0.037119307024758075,0.026745240133922238,-0.09960486485189152,-1.3059502634030038,0.6818355950364906,1.3544459225645096,1,DJI_0336.JPG
336,0.995399651527839,0.024778334930897067,0.03330997402277394,0.08634821067579417,-1.476994600868341,0.1984476537764553,1.3586279188243817,1,DJI_0337.JPG
337,0.995731179468854,0.025734986960894345,0.03148507215277597,0.08286023721437086,-1.4577793391844076,0.2383839929140837,1.4266024754285596,1,DJI_0338.JPG
338,0.9959884305216158,0.031446418208496404,0.030350609700719063,0.0780833499520842,-1.3779198719829016,0.5312690320258222,1.4122691656983644,1,DJI_0339.JPG
339,0.9965292830131433,0.03627479406553645,0.03006956108602661,0.06862469605693901,-1.1870590138550605,1.2441540597681262,1.430576848217032,1,DJI_0340.JPG
340,0.9966683024481532,0.037757741694236055,0.02983441583602868,0.06585252818982093,-1.0938363276555265,1.5069347693479744,1.4418948254901365,1,DJI_0341.JPG
341,0.9968070826901145,0.03747127314413811,0.029584213130320038,0.06400248371149758,-0.9177863970550592,1.8437543152233489,1.4417058454859841,1,DJI_0342.JPG
342,0.9970440681995237,0.035121558451677005,0.030543101826270652,0.06112872590606661,-0.6351507964969648,2.160546135209097,1.4289029544156902,1,DJI_0343.JPG
343,0.9683326063639766,0.02903408005364315,0.03720096282897577,0.2451633618883211,-1.4170612739191613,2.186482328143498,1.4272151724753523,1,DJI_0344.JPG
344,0.9686367816112875,0.028382555152971212,0.03573206176480096,0.24425485795527574,-1.2771131688654798,2.612701105552311,1.4377005862090544,1,DJI_0345.JPG
345,0.9838697329634034,0.02886838643796706,0.033650375297831006,0.17330498280575987,-0.6502561573762247,3.138516216768322,1.4363234570638952,1,DJI_0346.JPG
346,0.8215182918018344,0.007420475525183122,0.04596161291393421,0.5682782442750435,-2.957576913478116,1.8897290775659839,1.400620241555845,1,DJI_0347.JPG
347,0.8223507038850204,0.005376323578446029,0.0454065356497696,0.5671407774837544,-2.8929107624685457,2.0451158812229266,1.3774002486908932,1,DJI_0348.JPG
348,0.01480697676671407,-0.042831333172584724,0.036613013519274984,0.9983014161958935,-0.11006548023437435,-3.525090274099407,0.8726738629133232,1,DJI_0349.JPG
349,0.014063393234182875,-0.04503181984949033,0.03582309482325716,0.998243989237635,-0.19453189782559252,-3.244430050545861,0.876999100979028,1,DJI_0350.JPG
350,0.14529683635268018,-0.04409047795661068,0.03932588782659208,0.9876225663916912,-0.8185531256179107,-2.5333233093212284,0.7485421609207035,1,DJI_0351.JPG
351,0.628008688141245,0.05691940587254852,-0.007291906702658718,-0.7760876863801334,1.848127709862903,-0.7009484937285292,0.3542453976877926,1,DJI_0352.JPG
352,0.9984237122110156,0.03394109630998545,0.03488697457196882,0.027946231969024366,0.20056945040269525,2.091242692784413,-0.2353089994710257,1,DJI_0353.JPG
353,0.9967802629699275,0.029448730078842134,0.033165839806876374,0.06679750534451531,0.09281788379898372,2.142429017896206,-0.2815534678484348,1,DJI_0354.JPG
354,0.24564364453837637,-0.03304331024511831,0.04228924095124197,0.9678734212931548,-1.2213627074576394,-1.8672668727113104,-0.8139022802249523,1,DJI_0356.JPG
355,0.99625049129754,0.025772953308135393,0.03372759457290266,0.07538675501381553,0.05457609566261438,2.1391084186011367,-0.4023780258265109,1,DJI_0355.JPG
356,0.16235822856870485,-0.03551053968462079,0.041692325962923105,0.9852109201298678,-0.8134773724331898,-2.255006560439124,-0.9003444604255982,1,DJI_0358.JPG
357,0.21198177033887244,-0.03398958160785191,0.04255780586140174,0.9757547184340868,-1.0588080422099837,-2.061702045619553,-0.8566557780698557,1,DJI_0357.JPG
358,0.032149652246861296,-0.04264011713591636,0.036415853042879816,0.9979088665395256,-0.12259926845231552,-2.5922555489420884,-0.9545937933005847,1,DJI_0359.JPG
359,0.030984037759884342,-0.043470815972689536,0.036245723702482364,0.9979160912000798,-0.08245046814037986,-2.7249348919313343,-0.9647301624720058,1,DJI_0360.JPG
360,0.035486826172447423,-0.04420020467467489,0.03598191313690626,0.9977436188730708,-0.08391068118449345,-2.8240090225105674,-0.971820978609556,1,DJI_0361.JPG
361,0.039844184535916434,-0.044589811855330105,0.03633878827628974,0.9975488369518484,-0.08215984126688203,-2.9254252709047446,-0.9746618687741905,1,DJI_0362.JPG
362,0.046148976008989366,-0.044881437618035196,0.03704693732268879,0.9972379119376023,-0.07652712462081365,-3.0747209658959624,-0.9778368966779584,1,DJI_0363.JPG
363,0.20508864543326732,-0.04091229927247044,0.039841691151792695,0.9770759801206621,-1.0449982745323947,-3.2187688034818334,-1.0199391900647352,1,DJI_0366.JPG
364,0.054407774099592944,-0.04470235819153782,0.03615628164803254,0.9968621853531366,-0.057913150554596504,-3.2993061315534185,-0.9938537543996269,1,DJI_0365.JPG
365,0.04943133320648704,-0.04468618188938534,0.036664612386370546,0.9971035024731061,-0.06344557027346671,-3.1746662059907544,-0.984928180382591,1,DJI_0364.JPG
366,0.6268550182552853,-0.020519487358822797,0.048588370271220004,0.7773486392868285,-3.1986860794849123,-1.0312827500172534,-1.0597759931736592,1,DJI_0367.JPG
367,0.7319686595045162,0.04649742263650245,-0.005883402642018667,-0.6797243976529577,3.648835295825012,0.25505802963852137,-1.094562621857578,1,DJI_0368.JPG
368,-0.3261376418339427,-0.04405041383816273,0.016368552446325336,0.9441535204141822,2.23993995593634,-2.7928602703648235,-0.9146569487190173,1,DJI_0369.JPG
369,-0.31821012106138935,-0.0434749212922917,0.014701061094874554,0.9469087225680255,2.184059059530789,-2.61420467079177,-0.9240657849953922,1,DJI_0371.JPG
370,-0.32202745734434296,-0.043317037591962454,0.01514626865918267,0.9456175450552395,2.209844379480223,-2.7213343505575716,-0.9230994223817247,1,DJI_0370.JPG
371,-0.3146732987181766,-0.044215302740188936,0.014199332627162282,0.9480633423091297,2.1595125893661966,-2.4795052163292786,-0.927105722767644,1,DJI_0372.JPG
372,-0.31117727060664485,-0.04479872668934938,0.013816080210886228,0.9491948673862592,2.13229393372065,-2.343732317196035,-0.9302452612442004,1,DJI_0373.JPG
373,-0.3026294706206048,-0.044989836040781904,0.013913652070473067,0.9519441834745239,2.0766689940211585,-2.230538198592479,-0.9357517041411116,1,DJI_0374.JPG
374,-0.29606858270307024,-0.04504239559186881,0.014187568158830429,0.9539985795824224,2.037127558165585,-1.8747297091750401,-0.9185530329763526,1,DJI_0376.JPG
375,-0.2991229714256246,-0.045338290158174706,0.01409785093996119,0.9530326007067718,2.0528550539359864,-2.0505731589959613,-0.9311221673483292,1,DJI_0375.JPG
376,-0.29321348869393477,-0.04505951612719147,0.014454203483734763,0.9548751573142775,2.0284719313999946,-1.6930218421026868,-0.9047116246061401,1,DJI_0377.JPG
377,-0.3459749948139672,-0.04551121925663493,0.0149740384579555,0.9370196423007949,2.135106182342323,-0.61999260397315,-0.8682794545851318,1,DJI_0379.JPG
378,-0.29025976214978094,-0.04502061789309334,0.014700976581773422,0.9557752328496585,2.0253594400260275,-1.4925563648499438,-0.8926918494342985,1,DJI_0378.JPG
379,-0.35988131153303293,-0.04722549688146533,0.020489465942590032,0.9315768222959125,2.1265204882452005,-0.4085293544119843,-0.8524384856478909,1,DJI_0381.JPG
380,-0.3605476503052376,-0.04686424144686704,0.020271643635708964,0.9313421472247934,2.119754688109643,-0.4048627905716962,-0.8433143075007137,1,DJI_0380.JPG
381,-0.3568299157922327,-0.04903168748702342,0.018397074296306697,0.9327003015305716,2.1364177741850137,-0.4157890192526363,-0.8258844859442813,1,DJI_0382.JPG
382,-0.3550673704121019,-0.049869647988394016,0.017321672537460055,0.9333488845756734,2.095330659935976,-0.26767622974990446,-0.8282132157356796,1,DJI_0383.JPG
383,-0.3556749289899459,-0.05002962709602254,0.01768280959611857,0.9331021913731729,2.120871494060067,0.08009536649115644,-0.8174208981679536,1,DJI_0384.JPG
384,-0.3585313829080852,-0.05065781307030527,0.016988748557191725,0.9319873474824703,2.1154925366407693,0.0879698855217436,-0.8391302654171829,1,DJI_0385.JPG
385,-0.36107753410758503,-0.051250755421801734,0.016546285147810775,0.9309793740353691,2.0947740394723473,0.1524119148074434,-0.8314367464958089,1,DJI_0386.JPG
386,-0.362039730142792,-0.05148125835123594,0.017715295893827962,0.9305713740106676,2.056967981419577,0.38350531178869296,-0.8290030988894399,1,DJI_0387.JPG
387,-0.3642556986282065,-0.05134169358069849,0.017731779299561344,0.9297136120978409,1.998767523859954,0.45811017815052035,-0.8262986724139726,1,DJI_0388.JPG
388,-0.36583119136947734,-0.05203474201110265,0.016979525355368483,0.929070299150572,1.9082856109238824,0.7887918415552472,-0.8031677841408261,1,DJI_0390.JPG
389,-0.3647816268330355,-0.05175929314257569,0.01737843957711932,0.9294908983611886,1.9533266706788464,0.6070965868427194,-0.8158605754341358,1,DJI_0389.JPG
390,-0.3670126425716824,-0.052659058812308895,0.016224116425908777,0.9285825336305604,1.7428111102046897,1.0145882455199027,-0.8043848410395458,1,DJI_0391.JPG
391,-0.3699604434981934,-0.05252085432114228,0.016689215079650918,0.9274116131513679,1.6164179632349036,1.2689056397372325,-0.8107985248438802,1,DJI_0393.JPG
392,-0.3711107624929018,-0.05256261089626727,0.01661522214268622,0.9269508661686734,1.5653832150323486,1.3600037687216606,-0.823907452157954,1,DJI_0394.JPG
393,-0.36846702279726723,-0.052685096522331706,0.01620488279890119,0.9280052453994131,1.6410683835896058,1.1751071786820313,-0.8041054213252444,1,DJI_0392.JPG
394,-0.3719277615231934,-0.05223646815981562,0.016805959992232052,0.9266383605869524,1.4872788971620752,1.51745405585551,-0.8433478210029474,1,DJI_0395.JPG
395,-0.3749468529298355,-0.05318250722172047,0.016399233120066154,0.9253742721497598,1.2177950487537847,2.046588513902685,-0.8419980892755844,1,DJI_0398.JPG
396,-0.3737291210499399,-0.05334183324593019,0.015112619779584446,0.9258794746772393,1.3132554453251042,1.883117278654995,-0.83774624411533,1,DJI_0397.JPG
397,-0.37621481783454563,-0.052839605534549194,0.017991785719763873,0.9248495459128945,1.1264184920321911,2.228982870733787,-0.8498992244996773,1,DJI_0399.JPG
398,-0.37315788641317427,-0.05277176457220644,0.01535488993579544,0.92613852097116,1.3835144210574972,1.777336198075265,-0.8443806714983648,1,DJI_0396.JPG
399,-0.3774010408139309,-0.05319229923475329,0.017701247124097094,0.9243515021597216,1.13423370464614,2.410228884259355,-0.8405192167323376,1,DJI_0400.JPG
400,-0.37835135037971274,-0.053355922233016426,0.016932485049172993,0.9239679064656802,1.0741006451471726,2.5895403806561372,-0.8448633551636439,1,DJI_0401.JPG
401,-0.37852418386148357,-0.053101441390580574,0.01668573670011514,0.9239162653319917,1.0432820361682553,2.696495547006118,-0.8490482422224506,1,DJI_0402.JPG
402,-0.37987627547187963,-0.054057650651715125,0.015402463277566182,0.9233279752420658,0.860103164383517,2.943332031371592,-0.8424291218870817,1,DJI_0403.JPG
403,-0.3798368015273773,-0.05464894134820979,0.01493450659001604,0.9233170950046817,0.4134562715869843,3.3225129592202256,-0.8415617947558804,1,DJI_0405.JPG
404,-0.3798796671224149,-0.053981297766269004,0.014429982110209145,0.923346756974178,0.6114479198840153,3.12496232306581,-0.8407815494294025,1,DJI_0404.JPG
405,-0.38083214398926435,-0.054342906066094904,0.015790173849647524,0.9229108283440117,0.06510901010794366,3.5151147274773527,-0.8545834501552327,1,DJI_0406.JPG
406,-0.3798129058828198,-0.053130676189026664,0.017085927619915856,0.9233782317392543,-0.2481305148576429,3.567336522190169,-0.8800729818717796,1,DJI_0408.JPG
407,-0.37916625702229456,-0.053553259636707,0.015070259798259144,0.9236546352331046,-0.4984485589313442,3.7058010523801945,-0.8875272865108151,1,DJI_0409.JPG
408,-0.380943791475364,-0.05373004458874443,0.017028926088358,0.9228786083343481,-0.07896011168228256,3.527208371553865,-0.8667053131847087,1,DJI_0407.JPG
409,-0.3828649918958998,-0.05254204003783052,0.019337690652320445,0.9221061683610249,-0.951211221047656,4.091743624328447,-0.9206915193709022,1,DJI_0411.JPG
410,-0.3823606457165781,-0.05177404563905054,0.02409315282359624,0.9222468784400334,-1.3455908237325618,4.191891304213522,-0.9711787921686023,1,DJI_0413.JPG
411,-0.37929908317060795,-0.05344835082133619,0.018892513666858155,0.9235358965561452,-0.7142678787529431,3.9974101106030218,-0.9207287039666993,1,DJI_0410.JPG
412,-0.38227707971559005,-0.05196972514094953,0.020215704197646827,0.9223636524151893,-1.2426965517703534,4.161600996617144,-0.937453669956187,1,DJI_0412.JPG
413,-0.3804975289521339,-0.050961684172794806,0.02589825777925423,0.9230134438086975,-1.74126402497994,4.3725271139875215,-1.0045081814475947,1,DJI_0415.JPG
414,-0.38027939238770214,-0.050988974444684206,0.02317211015884712,0.9231742855610233,-1.6634364345359642,4.367849390766885,-0.9732273884226481,1,DJI_0414.JPG
415,-0.3795253747112478,-0.05182291245504841,0.026016457932343008,0.9233623447009403,-1.9105972393458057,4.43839246248634,-1.0004719227115542,1,DJI_0416.JPG
416,0.909949520075602,0.015324694310779659,0.0429098269336157,0.41220840773932543,2.225306466503773,-3.8439376310006663,-0.8465800987990635,1,DJI_0418.JPG
417,0.9077469197183003,0.012612763394342648,0.04642317786948028,0.4167509286108365,2.279773516956501,-4.190574633588528,-0.8388137793709626,1,DJI_0417.JPG
418,0.9114124945438257,0.015278788255079152,0.04069702031357924,0.4091913683797028,2.3377000336985776,-3.6760010022915575,-0.8190018390589808,1,DJI_0419.JPG
419,0.9121538180782399,0.016216452326197627,0.04032423476675667,0.40753698596534377,2.3453632029555145,-3.48828183855301,-0.8054451803704914,1,DJI_0420.JPG
420,0.9140522123205084,0.016891908454943445,0.03955363816383692,0.4033097150934233,2.299341063277832,-3.2722600490822,-0.8120853263581892,1,DJI_0421.JPG
421,0.9141592662559951,0.017862180661068178,0.03857367058246443,0.40312014382579253,2.2926744976041653,-3.039109982844382,-0.822659257316317,1,DJI_0422.JPG
422,0.9140754874425394,0.01860610575558489,0.03773136887390629,0.4033561204298222,2.2933047446686814,-2.7361361659676526,-0.8007940999462809,1,DJI_0423.JPG
423,0.9140339227007054,0.019465027251222167,0.03709900678926749,0.403468418295311,2.3143198182951354,-2.1827121595922105,-0.7517204598228147,1,DJI_0425.JPG
424,0.914049746039987,0.019233034962087774,0.037578552432458084,0.40339931151089414,2.3017860100859977,-2.4487754790903273,-0.7763756662579137,1,DJI_0424.JPG
425,0.913127490791112,0.018599896947089987,0.037282914470665916,0.4055394107650432,2.3779235266075256,-1.1422673613210328,-0.6520324142524323,1,DJI_0428.JPG
426,0.9135283358919823,0.02031110562262354,0.03694457918920208,0.4045843998220212,2.343132072157163,-1.7162771874180915,-0.7079021877832664,1,DJI_0427.JPG
427,0.9137722233973924,0.01975904895952239,0.03684335052943196,0.4040698841207629,2.329882724461274,-1.9409617031986133,-0.7271526182069827,1,DJI_0426.JPG
428,0.9130372314198992,0.015811294799534494,0.03920737642024131,0.40567942840633314,2.395308205151566,-0.8158710345675476,-0.6162508453220523,1,DJI_0429.JPG
429,0.9123081936579862,0.014567783416677062,0.04002657604532576,0.40728296389723323,2.394520841608781,-0.6250809223533498,-0.6247888913478875,1,DJI_0430.JPG
430,0.9115171949879225,0.014516615697775728,0.03997301176494502,0.40905724469867605,2.410389848860021,0.0023165809125093857,-0.608571488355643,1,DJI_0432.JPG
431,0.9119653033850266,0.015150925976721477,0.03990197352096247,0.4080411344129868,2.400177218240627,-0.31926023953721977,-0.6261123465239854,1,DJI_0431.JPG
432,0.9107816369115911,0.012610542828856972,0.040950367623755556,0.41065904527440206,2.4278800218536785,0.6159564313615147,-0.5814941602774366,1,DJI_0434.JPG
433,0.911314034915352,0.013677295141876796,0.040537895532498196,0.40948301599663306,2.419987969204528,0.27407881763228764,-0.5922024760539496,1,DJI_0433.JPG
434,0.9095458691176408,0.01009790544586695,0.04287034480643869,0.4132632064590542,2.416576438224767,0.7664106266248335,-0.6114673894080516,1,DJI_0435.JPG
435,0.9090317889973347,0.010589425047281444,0.04251485911739574,0.414417129742125,2.414741194298564,0.8598197353913997,-0.6176532349475747,1,DJI_0436.JPG
436,0.9805426507640229,0.02256537787846744,0.033813631700122755,0.19205091008665903,2.7434465110584125,0.18042587238603633,-0.5804336382728288,1,DJI_0438.JPG
437,0.9082728077751688,0.012680969668619044,0.04146457148940747,0.41612544860375283,2.385681717981724,1.1328342562094948,-0.611451090100592,1,DJI_0437.JPG
438,0.9990943470256781,0.031102913584662602,0.028526426966529416,0.005416407702730324,2.711486718292522,-0.6453053421880804,-0.5701221425636951,1,DJI_0439.JPG
439,0.998959422160608,0.03380618793452902,0.02970731645358041,0.007395260847764852,2.7083404458036213,-0.36361581423294986,-0.5732189421461173,1,DJI_0440.JPG
440,0.9988639270677443,0.029851269242803517,0.03275891163579503,0.017510300849383105,2.674786045611474,-0.10147719559335314,-0.5814461859184188,1,DJI_0441.JPG
441,0.9984447802873703,0.03472986064693532,0.030419533605170954,0.031249151533972046,2.6625920388526727,0.22185340106209359,-0.5886827403722126,1,DJI_0442.JPG
442,0.9978110195887234,0.030885954097103426,0.03372426161836371,0.04776924957669008,2.623884751407079,0.977313230426618,-0.577677489835111,1,DJI_0444.JPG
443,0.9980360365035318,0.03735523947991826,0.031112593862842472,0.03950522024802522,2.6467363464748064,0.6310729839639136,-0.5768211026966095,1,DJI_0443.JPG
444,0.9966651069663881,0.02734966474071507,0.03276623286931252,0.06954879134681453,2.1614019639495763,1.6106627810145415,-0.659603368481868,1,DJI_0445.JPG
445,0.9963334480858819,0.02671149537650474,0.03214464693240117,0.07465171072145402,2.0947523030024136,1.7745434387534333,-0.6821040290532403,1,DJI_0446.JPG
446,0.9961271931569164,0.02721944091645806,0.03192724212255508,0.07726815838342867,2.057968875217652,2.0034988311771875,-0.683075994155687,1,DJI_0447.JPG
447,0.9956104476588452,0.023120572908000073,0.0328253490686455,0.08454449762983633,1.6198473043623867,2.4064291228034946,-0.728456957214016,1,DJI_0449.JPG
448,0.9959409408097957,0.02755132199624121,0.031969933182143015,0.07950151223396923,2.0597087299139645,2.223416924607324,-0.6751567978711693,1,DJI_0448.JPG
449,0.9955133355361391,0.022457622456008217,0.03417441259999878,0.08532856196361799,1.4535729243663003,2.378986204639908,-0.7604676064096265,1,DJI_0450.JPG
450,0.9956276205971547,0.026063038977973255,0.03173154262891702,0.08390153935220912,1.1270590888961134,2.72483645529349,-0.7585715335181422,1,DJI_0452.JPG
451,0.9956674142636757,0.02553136961146277,0.03138421232648865,0.08372323784884883,1.231024178199039,2.5349216351581103,-0.7599900079866948,1,DJI_0451.JPG
452,0.9957910731658944,0.02863061092186154,0.03124945122561413,0.0812643742328406,0.7421837825887355,2.8515016216334494,-0.7736327008005632,1,DJI_0454.JPG
453,0.9956652489643971,0.026761794800871846,0.03234116344117933,0.0829973944830327,0.9203716087627779,2.775156239101091,-0.7758370630175689,1,DJI_0453.JPG
454,0.996006357725026,0.02916633304001047,0.03208506652118145,0.07804619718255452,0.30544016088875076,3.221043117328429,-0.7711591104112032,1,DJI_0456.JPG
455,0.9961201614736206,0.026542017688851824,0.033143044206070144,0.07708231848826994,0.052095256047158645,3.1878980698940604,-0.7911818250415689,1,DJI_0457.JPG
456,0.995867801254023,0.032662892324491065,0.031411021351694796,0.07870073460978652,0.5953258316478803,3.1087871412338743,-0.7461808511617635,1,DJI_0455.JPG
457,0.9963188325554057,0.025302078399458965,0.03292942153629587,0.07499494597228772,-0.20149213565989912,3.116675064277888,-0.8116589579368845,1,DJI_0458.JPG
458,0.9968577953528195,0.020480703827102025,0.03145597106812243,0.0697538421825229,-0.4927695634188649,2.6083677900797597,-0.85115661291402,1,DJI_0460.JPG
459,0.9969489851426881,0.02012835636884999,0.03120038232637816,0.06865935067811696,-0.45956042788810386,2.2530918682299124,-0.8580093126519188,1,DJI_0461.JPG
460,0.9966383183015565,0.022453801873389894,0.032362527368445165,0.07183701063381383,-0.4559531562189341,2.932779970479313,-0.8419562856647532,1,DJI_0459.JPG
461,0.9970427327000109,0.02142918265696013,0.031437374594018526,0.06677028365511567,-0.3679789846298251,1.5165369226056136,-0.8450601832979633,1,DJI_0463.JPG
462,0.9970851658610427,0.021001640159171775,0.031218186523958576,0.06637415129880977,-0.39533421738492114,1.8037110314217473,-0.8342416235779343,1,DJI_0462.JPG
463,0.9969222828438155,0.023089947726083918,0.03255409801179041,0.06747626979998982,-0.34953861121846597,1.2663577415810539,-0.8622202749935097,1,DJI_0464.JPG
464,0.9969795543142704,0.02235355491057663,0.03319852895664235,0.06655782851996907,-0.36358156530215596,1.1968520924165558,-0.8588469250356516,1,DJI_0465.JPG
465,0.9872754280628999,0.027743995823752757,0.024757188572254583,-0.1546110651051443,-0.2721992637854889,0.36299643376263996,-0.8256344797244186,1,DJI_0467.JPG
466,0.997092463616652,0.019553338158941683,0.03331281844304256,0.06568517407374712,-0.4412869992278548,0.6921342737173464,-0.8444594328059757,1,DJI_0466.JPG
467,0.9878445389299594,0.030415323703166155,0.022842452044610374,-0.15071926676731592,-0.26657781147581416,-0.5269315703670197,-0.8586821343069989,1,DJI_0470.JPG
468,0.9872750625756325,0.0262609981443771,0.023184886963939992,-0.15511535001156862,-0.3035223682876603,-0.05139254987861443,-0.8440225983052604,1,DJI_0468.JPG
469,0.9877222672096759,0.028728550237953218,0.022481722685024696,-0.15190116985894664,-0.2823016320982312,-0.4771475038720959,-0.8561642986881478,1,DJI_0469.JPG
470,0.9888044441933616,0.02984431282642206,0.02295219130682264,-0.1443893522722195,-0.16062715919291434,-1.175578907856056,-0.8306351189147075,1,DJI_0473.JPG
471,0.9883011658339775,0.029607838830391774,0.022958964181186238,-0.14784135908033838,-0.26386098558489546,-0.6348610611665159,-0.8329810984885313,1,DJI_0471.JPG
472,0.9886339152268169,0.02908733137654642,0.02296749756781491,-0.14570313267791687,-0.20001728770877297,-1.0074406722599594,-0.8211982136382912,1,DJI_0472.JPG
473,0.7084950034242171,0.04998916886239592,-0.010297557819103062,-0.7038677954149682,-1.679949610657609,-1.1657126835110074,-0.9199484757916369,1,DJI_0474.JPG
474,-0.4229465395590926,-0.05215471755830044,0.024362005061762525,0.9043243902609137,-1.5908618592554866,0.7696253645576744,-0.8671912545067394,1,DJI_0476.JPG
475,-0.4289982617297588,-0.05272116319221963,0.023457537293384005,0.9014603232137476,-1.51724209243541,0.4207544197581232,-0.8605465216065065,1,DJI_0475.JPG
476,-0.41920012843027865,-0.052898234658836085,0.02387534012768152,0.9060369734330957,-1.6338083807055628,1.0463606392246694,-0.8688974211131254,1,DJI_0477.JPG
477,-0.4124624498759493,-0.05332866211230761,0.022440695564835557,0.9091354114884139,-1.8521906489419762,1.3538742174761806,-0.8558432148728948,1,DJI_0478.JPG
478,-0.4048876658839769,-0.054441485747233835,0.026807057057827963,0.9123505271202277,-1.7534689385792321,1.7313416402472295,-0.8741907372682653,1,DJI_0479.JPG
479,0.542682898619312,0.05149559995036331,-0.013685258951930079,-0.8382458997330751,-2.8850730986128053,-0.30895020796085026,0.5192874348211434,1,DJI_0480.JPG
480,0.5447820505743275,0.05342784834618376,-0.014002920695166572,-0.836756775057802,-3.0166625167585064,-0.40297628053145185,0.49823625105352426,1,DJI_0481.JPG
481,0.5409574646306068,0.05255894794698449,-0.015466326237198446,-0.8392635886322345,-3.1841703611542687,-0.31764344707023595,0.4812425786431311,1,DJI_0482.JPG
482,0.5422433255205936,0.05118587592210106,-0.016545610638778862,-0.8384977190207763,-3.562242557338269,-0.019751632537814208,0.4820804237736085,1,DJI_0483.JPG
483,0.5451451035783762,0.05134112490627852,-0.015711338212471077,-0.8366206181952802,-3.914863530949288,0.23264505869867394,0.4803914814028939,1,DJI_0484.JPG
484,0.5487325660315974,0.05142466189253655,-0.017273901295634792,-0.8342359902687283,-4.24186518491325,0.5922057633119386,0.4574486893310815,1,DJI_0485.JPG
485,0.5506283452801272,0.0515159281218754,-0.01739115455706317,-0.8329778402016366,-4.376875969490316,0.8446843293338947,0.45023111840554686,1,DJI_0486.JPG
486,0.5542178354756938,0.053053010138261865,-0.015075396221157535,-0.8305424139589028,-4.6541592856193885,1.5056708773407772,0.455225588498878,1,DJI_0488.JPG
487,0.5524988072910942,0.052430807679213855,-0.016516041893430602,-0.8316990433493343,-4.494298384643246,1.1588506337057436,0.45004049553635206,1,DJI_0487.JPG
488,0.5556451717841961,0.054182561800364085,-0.013229614903866654,-0.8295466655705128,-4.878173192085777,1.7577548524726743,0.4572931409166387,1,DJI_0489.JPG
489,0.5579464232292052,0.05512526968361746,-0.011415519809194783,-0.8279653853607233,-5.458868370838996,2.2372012344224967,0.46372566802094134,1,DJI_0491.JPG
490,0.5567636444193657,0.05506983822943628,-0.01215808390006095,-0.8287543291990269,-5.143651727030798,1.984403799796484,0.45835401097270567,1,DJI_0490.JPG
491,0.5645235083035832,0.05595179213807776,-0.015557902658998155,-0.8233714576022202,-5.8183412033290445,2.9537580915423356,0.4019524071996307,1,DJI_0493.JPG
492,0.5596366318131198,0.05454975127314918,-0.011859340903469602,-0.8268558042381026,-5.834353190344557,2.5333644201659697,0.46366232357124393,1,DJI_0492.JPG
493,0.5657894270992424,0.0584682271193228,-0.014938196271396028,-0.8223385196452807,-4.221547635872243,2.8394997728999813,0.4274285943985485,1,DJI_0495.JPG
494,0.5597618751805539,0.05931880528166192,-0.012753304603847937,-0.8264292320918881,-3.527801220362087,2.8915967501514706,0.4630328452587533,1,DJI_0496.JPG
495,0.5595210780696893,0.05831434238543285,-0.01643724315828261,-0.8265987041516837,-2.754726453286612,2.6040399664220755,0.44836655704659517,1,DJI_0497.JPG
496,0.5669706156185549,0.05756390077347123,-0.015824248983652468,-0.8215718541289998,-5.177747040242647,2.8030370450398294,0.38015322807146307,1,DJI_0494.JPG
497,0.5560740478681695,0.055216797258304307,-0.016011467129742687,-0.8291419610105359,-2.1226123839054245,2.104740672366161,0.4626238543231308,1,DJI_0498.JPG
498,0.56359149291172,0.05026019108243148,-0.018730134441650653,-0.8243104538786912,-1.9953402547365442,0.5955883252782322,0.4903919454992916,1,DJI_0500.JPG
499,0.5561168020208996,0.05009619215140187,-0.02147170526180086,-0.8293150426195872,-2.066609060309407,0.8741910321143267,0.47120915027258237,1,DJI_0499.JPG
500,0.5677633864106599,0.0497873137975267,-0.023657625898429364,-0.8213441892246979,-1.01097889336304,-0.8688907166766363,0.5499134884491323,1,DJI_0501.JPG
501,0.578783414397737,0.049411101658547854,-0.01615233971527604,-0.813822710528963,-1.4337462975146296,-1.7896708412941087,0.5274501943817221,1,DJI_0502.JPG
502,-0.3401050704279593,-0.051101645680451224,0.027129067840186226,0.9386059751333703,-2.1188527999688325,-0.8282799942908669,-0.24217953267846798,1,DJI_0503.JPG
503,-0.2814043885688106,-0.04985284430848243,0.029555865604789632,0.9578375200507233,-2.2009071552096637,-0.5715922867760808,-0.5517678463004067,1,DJI_0504.JPG
504,-0.26207434195435536,-0.04951372015010047,0.029762813966043355,0.9633169809107032,-2.219220749742498,-0.48767935881697455,-0.8087435810878952,1,DJI_0505.JPG
505,-0.3768044002567367,-0.05326944439091616,0.01740441271899188,0.9245960721630561,-1.9517393965852006,-0.07069679421860998,-1.1738328534160556,1,DJI_0507.JPG
506,-0.16756337735335194,-0.050713719553694546,0.028273234085732842,0.9841500177581165,-2.2673519926292167,-0.03842704830993697,-1.17803320110032,1,DJI_0506.JPG
507,-0.37592050902650403,-0.052839263302775316,0.021361811147201135,0.9248975382016029,-1.949627920562597,0.22014720772725155,-1.1864212828575431,1,DJI_0508.JPG
508,-0.48590717544493345,-0.05578763738071101,0.017911044507208655,0.8720442367513623,-1.9358985752145206,0.4939689568626788,-0.6196759986293983,1,DJI_0509.JPG
509,-0.501006747222445,-0.05540789032150618,0.014612158740318229,0.8635442604433503,-3.132961164260527,0.5548135456093051,-0.6623029661356216,1,DJI_0510.JPG
510,0.5058506858563366,0.054080832049087244,-0.01505617858108552,-0.8607924597195812,-3.324088538372666,0.2581983659882691,-0.6524950920130176,1,DJI_0511.JPG
511,0.5057120760070937,0.05457641347885261,-0.01405824704442105,-0.8608594989674093,-3.5163004923445293,0.1315414594547786,-0.6674137702415279,1,DJI_0512.JPG
512,0.506258691085831,0.054294711931538085,-0.01890826753076173,-0.8604630726389819,-4.074094006769239,0.359782241590152,-0.6978692570299183,1,DJI_0513.JPG
513,0.5075317588646241,0.054582310865837015,-0.020010508340875328,-0.8596696252865202,-4.082399876358067,0.648869584378327,-0.7074457100116983,1,DJI_0514.JPG
514,0.5087919509481048,0.05444022674495877,-0.020717895575084702,-0.85891663225561,-4.017640660095482,0.947401685183018,-0.7065740875042282,1,DJI_0515.JPG
515,0.5110360941165013,0.05251041281799848,-0.022594984805510754,-0.8576562444927878,-3.9083595028666696,0.9599345922506451,-0.7019461304118083,1,DJI_0516.JPG
516,0.5109383808751019,0.05316628495840882,-0.020745865400016796,-0.8577207740058853,-3.9299931637580543,0.9490681633806783,-0.8080604371228373,1,DJI_0517.JPG
517,0.5111261281389683,0.053662289821751814,-0.019540793097088203,-0.8576063183010548,-3.927603088292639,0.9553010650073814,-0.8637731073069697,1,DJI_0518.JPG
518,0.511202175489141,0.053765799519047336,-0.019676348156703712,-0.8575514071473869,-3.9123206526968635,0.9519111006624449,-1.0223596733145264,1,DJI_0519.JPG
519,0.5115867435977168,0.05506210687757419,-0.017338264317669168,-0.857290238339232,-3.9213851816410745,0.9652649951606281,-1.095978646310712,1,DJI_0520.JPG
520,0.5857904141501601,0.054454321213508086,-0.012227550366198681,-0.8085386846669752,-4.150941876176573,0.09709929666997827,-1.1967358657009672,1,DJI_0521.JPG
521,0.9956825934195386,0.030298900010493096,0.03378046147482022,0.08097549161347693,1.6580064119559326,-3.7810428431068357,0.22382360286838107,1,DJI_0523.JPG
522,0.9715013859658025,0.023579141030587655,0.03823570151163208,0.23273829144491406,2.7141416448539415,-3.0867642715869006,0.5677494128105801,1,DJI_0524.JPG
523,0.9658493857141679,0.042911219359410106,0.02364113924375459,-0.2544301238138097,-0.9220097178504951,-4.0435374939820665,-0.5801564584438172,1,DJI_0522.JPG
524,0.9490026174141774,0.03843576368185678,0.015019085772773543,-0.31255583704961143,-1.5508846578782958,-3.8092220183261167,0.9893385628132862,1,DJI_0525.JPG
525,0.9669347218197538,0.03977653663317181,0.016397189698842216,-0.25136865962726074,-0.30128785455636603,-3.7066549130297823,2.8335459512210424,1,DJI_0527.JPG
526,0.9565377976293096,0.04140899226306512,0.013815862904007398,-0.288322491315619,-0.5316737536258985,-3.6823730959149383,1.1283601273717823,1,DJI_0526.JPG
527,0.9686762657978425,0.03918185016905174,0.01687924419441713,-0.24463476002543602,-0.2664759556632499,-3.700964587622757,3.0525218735154125,1,DJI_0528.JPG
528,0.9693746342183267,0.038616364258169604,0.016686816373094684,-0.24195690753705812,-0.23950870414208178,-3.703450559952881,3.2385658909759765,1,DJI_0529.JPG
529,0.9709462049918316,0.03659044319402441,0.01757003572141718,-0.23583023623694477,-0.21857524216528507,-3.7008700543004416,4.218638174273739,1,DJI_0531.JPG
530,0.9700705484836202,0.03790188286951703,0.016726736424858134,-0.23926302373790878,-0.23587251847895055,-3.6967379037766617,3.5144007849904098,1,DJI_0530.JPG
531,0.9746906505126498,0.03580137019986057,0.01843216613201526,-0.21990146190219356,-0.11154447611883954,-3.7027176148515992,4.63028171746634,1,DJI_0532.JPG
532,0.9758501619347687,0.043300873674211426,0.022035605417975283,-0.21296931207288805,0.0057261612664644135,-3.0518679293178126,4.527148998410056,1,DJI_0534.JPG
533,0.9757272461034932,0.04518862550540485,0.023166396039580192,-0.21302029816607418,0.05361404161432003,-2.6393034450523674,4.521600988441404,1,DJI_0535.JPG
534,0.9759393621408213,0.03998861174090854,0.020147191333042307,-0.2133948524135284,-0.03436823477792333,-3.4720849428774785,4.555918124064339,1,DJI_0533.JPG
535,0.9756292013733767,0.047166377795806166,0.02402282122977106,-0.21294576373652724,0.11644901720274352,-2.19232540062736,4.510871053247158,1,DJI_0536.JPG
536,0.9750982723350176,0.04992537436853044,0.024930386560973832,-0.21463758317067125,0.2704270941526454,-1.2516424111698137,4.5202025933421845,1,DJI_0538.JPG
537,0.9746184383781438,0.05172554568931079,0.023808797361583853,-0.21650983502992793,0.54615295049633,0.736937682122147,4.531116252039701,1,DJI_0540.JPG
538,0.975374507421232,0.04840875303003087,0.024754254736261347,-0.2137484263692221,0.18799215089535454,-1.7490800171997376,4.514356791565926,1,DJI_0537.JPG
539,0.9748662285636874,0.05145683789827799,0.024553703058288943,-0.21537211032454517,0.40812427639876475,-0.3648023867788906,4.539753406708717,1,DJI_0539.JPG
540,0.9749206931490539,0.050582372359492964,0.021944419895531555,-0.2156142576725908,0.6028940168090638,1.257595732260838,4.554509464814577,1,DJI_0541.JPG
541,0.9754924108051279,0.047849883021082215,0.017238741260867232,-0.2140742183360931,1.043919703770868,1.6330953730919675,4.575118621650752,1,DJI_0542.JPG
542,0.9756991755027704,0.04843603627909134,0.015958458865123593,-0.21309715367276727,1.4997699503780342,1.7985755444953244,4.593807146896793,1,DJI_0543.JPG
543,0.9759031057327462,0.05053940477336544,0.01711369644336557,-0.21157981515347538,2.313156844197079,2.4814893358449823,4.639366281383407,1,DJI_0544.JPG
544,0.9762826018715454,0.045500331069934764,0.018460872207819654,-0.21085823994517838,2.827860959510191,3.4692266072166964,4.627968113930716,1,DJI_0546.JPG
545,0.9757365981666848,0.049809286511375214,0.017435049989856687,-0.2124926940089573,2.53970432168051,2.970893444636369,4.647036888788002,1,DJI_0545.JPG
546,0.9510780410596669,-0.22256897976383522,-0.04308248526620024,-0.20989880543795322,2.8259906688085397,5.3379631266376615,2.0924574816367865,1,DJI_0547.JPG
547,0.9086133692575609,-0.3573098675704799,-0.07448311571494319,-0.20298686956693499,2.843065144731147,5.724984777571911,0.46241719495305555,1,DJI_0548.JPG
548,0.7707049976536535,-0.4859118813536955,-0.22763633450890114,-0.3436351980841685,4.051914350082783,4.9490101776774456,-0.33113077987854134,1,DJI_0550.JPG
549,0.8324460387653394,-0.5091142381352495,-0.11100757742187309,-0.1884505315110208,2.8785652902925225,5.577999871477409,-1.537646177460389,1,DJI_0549.JPG
550,0.6539665245198574,-0.406330360823261,-0.36392707784724265,-0.5241951017419224,4.5102753722269044,4.111601725546694,1.9171389942225427,1,DJI_0551.JPG
551,-0.41821493117032976,0.2414267513694062,0.5108560378000979,0.7112211355918749,3.061493107824253,3.062117522981584,4.772598221596043,1,DJI_0552.JPG
552,-0.21708589300075046,0.09689286542132199,0.5777576074119551,0.7808211285359313,0.9016086102437805,2.795988183188825,5.825127100504915,1,DJI_0553.JPG
553,-0.14494883217067375,0.025230646772043015,0.5951219807957757,0.7900525795727363,-0.24425654384907391,2.9627148930108365,5.425218845972622,1,DJI_0555.JPG
554,-0.021892207606463206,-0.032373085893022145,0.602279255774319,0.7973282966380982,-1.2982187393484668,2.8561588382118517,5.774935084922555,1,DJI_0554.JPG
555,-0.31965560357942285,0.13739599525401874,0.5602799244899034,0.751684136989747,1.2755574614529253,3.2256080800243256,4.650078169876037,1,DJI_0556.JPG
556,0.6364444894758705,-0.3673026620830457,-0.3997930781471984,-0.5478984038196265,2.584790309597808,4.4193333367522225,1.4556887398548883,1,DJI_0557.JPG
557,0.7315722561065451,-0.4410311453720789,-0.30552688663122746,-0.42065054909318844,2.1516003359480496,4.730610316773203,0.44039726191709405,1,DJI_0558.JPG
558,0.6406039945319437,-0.4016667667472367,-0.3888740773685188,-0.5263718102551862,1.9488226307398815,3.886874390110529,3.0867310665763297,1,DJI_0560.JPG
559,0.6842635885354436,-0.4348683138611053,-0.3497387364020437,-0.4694206080522013,2.2121011550583853,4.2664576005100665,2.0175156074008886,1,DJI_0559.JPG
560,0.6446758105044518,-0.4027892002409283,-0.38462324194328856,-0.5236591651797342,1.8064958883955822,3.8850315223697467,3.01572295777329,1,DJI_0561.JPG
561,0.6468004710771211,-0.4065124155198571,-0.38217144249304985,-0.5199440308200554,1.2222813688383183,3.8984113395283697,2.9097082651213353,1,DJI_0562.JPG
562,0.5289019441333451,-0.3322296182724289,-0.46372455004765956,-0.62836753251391,-0.8004808025360193,3.8640293119160143,3.0050624515138655,1,DJI_0564.JPG
563,0.5284449228482665,-0.330053222177941,-0.4661395628389151,-0.6281120457388104,-1.2820240077621228,3.847223787620847,3.019234815249174,1,DJI_0565.JPG
564,0.6482263944039489,-0.40879149397056225,-0.38080706772544,-0.5173761042275958,0.6277228319238867,3.86166894028058,2.959357557604198,1,DJI_0563.JPG
565,0.528705409695639,-0.3276477432471277,-0.4677375372074629,-0.627964284327324,-1.750587682425228,3.820992872386315,3.0616008902813556,1,DJI_0566.JPG
566,0.530097565780728,-0.3253230727729363,-0.46838831797731023,-0.6275140258650063,-2.250792685539277,3.7778452157966633,3.116250022882367,1,DJI_0567.JPG
567,0.5316668157668589,-0.3230019546224372,-0.4686663224912522,-0.6271778156830323,-2.7602700197606693,3.7400724327623136,3.1715931164011417,1,DJI_0568.JPG
568,0.5331456018394914,-0.3213448420270117,-0.4689177753767634,-0.6265854927123262,-3.335722564642606,3.69988105407831,3.2196275192171897,1,DJI_0569.JPG
569,0.6697065522811699,-0.40687378830379756,-0.3723763336442166,-0.4972752963547217,-2.685787762152392,3.1495953028484216,4.496731831327153,1,DJI_0570.JPG
570,0.8361297900147764,-0.523945752941128,-0.09352133609161291,-0.13274630661694534,0.5316078354254901,2.7370703569571453,5.668820300012066,1,DJI_0572.JPG
571,0.643855916314432,-0.43385871432954787,0.38447274432597983,0.49939651970920346,3.848246625424658,4.653117536875294,1.2986474568582902,1,DJI_0574.JPG
572,0.7499632483527424,-0.46145385669833294,-0.28148192115862347,-0.381291741740216,-1.8894937596655117,2.854995255538263,5.228011991116771,1,DJI_0571.JPG
573,0.8352808080229133,-0.5361806009854891,0.07873242715095921,0.0928307049975813,2.441449665816586,3.1314245570287933,4.880107187138313,1,DJI_0573.JPG
574,0.4668355212383918,-0.49530011664617135,0.5580408131748877,0.4746923650023015,3.584889560522765,4.677152023334344,-1.8786409886840363,1,DJI_0576.JPG
575,0.5605558737006082,-0.5745795298917324,0.4587379310457453,0.38104459963239556,3.954611631633365,4.738308023266905,-0.3812599803227643,1,DJI_0575.JPG
576,0.41028672459240567,-0.4454288468005322,0.6045180782349249,0.5175092647946864,3.175200152080153,4.631899842481546,-2.5953006621311414,1,DJI_0577.JPG
577,0.12115989175302008,-0.1998327920834578,0.7192042097756508,0.6543183021125938,0.07012692263691231,4.733480403929033,-3.968763138852321,1,DJI_0578.JPG
578,-0.021471683170962538,-0.058770181054560514,0.7308487292877837,0.6796654820858951,-1.493484358800993,4.745642585259913,-3.8040476712981675,1,DJI_0579.JPG
579,-0.2475845928273561,0.1655458628435493,0.6904357088199764,0.6592381729512892,-3.474261279274684,4.726330463302564,-2.3597065982786405,1,DJI_0580.JPG
580,-0.422242728504358,0.346541333696568,0.6005675390679348,0.583899660286666,-4.17524736752323,4.670314303427194,-0.402040384106635,1,DJI_0581.JPG
581,0.6966944828295465,-0.6363778191009861,-0.22337773110230322,-0.2444227039346598,-1.490687245723411,4.675679419052474,3.671131321098864,1,DJI_0582.JPG
582,0.7230328142222844,-0.6759840105993014,-0.0829438163565079,-0.11571296513401202,0.04842680522522219,4.687801920700022,3.824290505530562,1,DJI_0583.JPG
583,0.9317285130557003,-0.005565766722707094,0.04888827626211927,0.35980680461036413,3.423822231860449,-1.80620696424275,4.82254211240099,1,DJI_0586.JPG
584,0.6674786192685646,-0.6542799959607837,0.2745416345792835,0.22586914483262896,3.451038938018603,4.8605014397207125,1.8582249709830874,1,DJI_0584.JPG
585,0.9295077619600192,-0.002941576176767097,0.04909639001641612,0.36550815595965674,3.452986199609689,-1.7838307439515473,4.806806529533889,1,DJI_0585.JPG
586,0.5820404744786777,-0.5640356939440505,0.44541929165677513,0.3803870090390387,3.870307980995749,4.58061787975226,-0.08146576173277967,1,DJI_0589.JPG
587,0.5825988727321899,-0.56491743441295,0.4442137008162008,0.37963276175094113,3.866320585246625,4.583941407370675,-0.06831283738490393,1,DJI_0588.JPG
588,0.5816808879799671,-0.5636647691819977,0.4459031944978134,0.38091956326564214,3.8699015654698523,4.580759780105972,-0.08753218782735778,1,DJI_0590.JPG
589,0.5638554427589905,-0.5501451865504667,0.4667038635016217,0.40198857841868413,3.8436540761323696,4.591004271287583,-0.3867954543196045,1,DJI_0591.JPG
